"ID","scenario","region","soiltype","initDR","year","crop","gp","oc","yield","calories","calories_diff","land_use","land_use_diff","ww_yield","ww_pc","cyl","output","fuel_cost","labour_cost","operations_cost","fertiliser_cost","seed_cost","herbicide_cost","sundry_cost","variables_cost","other_cost","c_fert_prod","c_fert_appl","c_pesticide","c_stock_change","c_field_energy_use","c_total","c_emiss_diff"
"BAU_n_h_HD-HR_1","BAU","north","heavy","HD-HR",1,"winterwheat",872.145,0,8.2175,2744.645,0,0.364464866885378,0,8.2175,0,135.505,1722.695,127,64.5,191.5,233.96,72,171.09,182,659.05,487.96,1345.142857,1978.57345,166.0008,0,43.46694179,3533.184049,0
"BAU_n_h_HD-HR_2","BAU","north","heavy","HD-HR",2,"winterwheat",662.260854245973,0,7.06378054567861,2359.30270225666,0,0.424346242540018,0,7.06378054567861,0,182.542972972973,1512.13723757247,126.514636918249,64.3157519835789,190.830388901828,233.96,72,171.09,182,659.05,487.96,1345.142857,1978.57345,166.0008,0,43.46694179,3533.184049,0
"BAU_n_h_HD-HR_3","BAU","north","heavy","HD-HR",3,"wosr",498.7,0,3.35,1654.9,0,0.604266118798719,0,0,0,0,1345.25,211,111,322,241.8,23.49,67.26,192,524.55,457.29,1161.714286,1663.150282,41,0,55.92590348,2921.790471,0
"BAU_n_h_HD-HR_4","BAU","north","heavy","HD-HR",4,"winterwheat",750.564418528169,0,7.54450551973877,2519.86484359275,0,0.397269508211444,0,7.54450551973877,0,258.326486486486,1599.87392702042,126.111598178244,64.1479103140027,190.259508492247,233.96,72,171.09,182,659.05,487.96,1345.142857,1978.57345,166.0008,0,43.46694179,3533.184049,0
"BAU_n_h_HD-HR_5","BAU","north","heavy","HD-HR",5,"winterwheat",663.365871068705,0,7.07403255055391,2362.72687188501,0,0.423428610175549,0,7.07403255055391,0,98.9081081081081,1514.01183080911,127.123755623233,64.4722041171676,191.595959740401,233.96,72,171.09,182,659.05,487.96,1345.142857,1978.57345,166.0008,0,43.46694179,3533.184049,0
"BAU_n_h_HD-HR_6","BAU","north","heavy","HD-HR",6,"wosr",498.7,0,3.35,1654.9,0,0.604266118798719,0,0,0,0,1345.25,211,111,322,241.8,23.49,67.26,192,524.55,457.29,1161.714286,1663.150282,41,0,55.92590348,2921.790471,0
"BAU_n_m_HD-HR_1","BAU","north","medium","HD-HR",1,"winterwheat",722.465,0,7.285,2433.19,0,0.411116050327624,0,7.285,0,119.535,1552.5125,113.25,57.75,171,233.96,72,171.09,182,659.05,487.96,1345.142857,982.23697,166.0008,0,41.56689883,2534.947526,0
"BAU_n_m_HD-HR_2","BAU","north","medium","HD-HR",2,"winterwheat",548.537447813019,0,6.41827795308764,2143.70483633127,0,0.466972515137269,0,6.41827795308764,0,132.804594594595,1394.33529269789,123.063817404256,63.6879391347521,186.751756539008,233.96,72,171.09,182,659.05,487.96,1345.142857,982.23697,166.0008,0,73.4481337,2566.828761,0
"BAU_n_m_HD-HR_3","BAU","north","medium","HD-HR",3,"wosr",358.55,0,2.86,1412.84,0,0.707794230061437,0,0,0,0,1181.1,195,103,298,241.8,23.49,67.26,192,524.55,457.29,1161.714286,829.348723,41,0,46.25251689,2078.315526,0
"BAU_n_m_HD-HR_4","BAU","north","medium","HD-HR",4,"winterwheat",662.111246245271,0,6.95153772695892,2321.81360080428,0,0.431085476592896,0,6.95153772695892,0,180.394189189189,1491.65567561691,112.873637933897,57.6245459779656,170.498183911863,233.96,72,171.09,182,659.05,487.96,1345.142857,982.23697,166.0008,0,41.56689883,2534.947526,0
"BAU_n_m_HD-HR_5","BAU","north","medium","HD-HR",5,"winterwheat",554.026044978332,0,6.4531549437889,2155.35375122549,0,0.464070880330314,0,6.4531549437889,0,53.9905405405405,1400.69962815005,123.717687378788,63.9058957929295,187.623583171718,233.96,72,171.09,182,659.05,487.96,1345.142857,982.23697,166.0008,0,73.4481337,2566.828761,0
"BAU_n_m_HD-HR_6","BAU","north","medium","HD-HR",6,"wosr",358.55,0,2.86,1412.84,0,0.707794230061437,0,0,0,0,1181.1,195,103,298,241.8,23.49,67.26,192,524.55,457.29,1161.714286,829.348723,41,0,46.25251689,2078.315526,0
"BAU_n_l_HD-HR_1","BAU","north","light","HD-HR",1,"winterwheat",575.5,0,6.24,2084.16,0,0.479964235132736,0,6.24,0,102.2,1361.8,99.75,51.5,151.25,209.96,72,171.09,182,635.05,463.96,1161.714286,1136.910397,166.0008,0,39.66685587,2504.292338,0
"BAU_n_l_HD-HR_2","BAU","north","light","HD-HR",2,"winterwheat",422.583997484231,0,5.4486196172566,1819.83895216371,0,0.550104437336166,0,5.4486196172566,0,122.523108108108,1217.3762689772,105.380037066156,54.362234426809,159.742271492965,209.96,72,171.09,182,635.05,463.96,1161.714286,1136.910397,166.0008,0,58.2568469,2522.882329,0
"BAU_n_l_HD-HR_3","BAU","north","light","HD-HR",3,"wosr",216.4,0,2.37,1170.78,0,0.854131433745025,0,0,0,0,1016.95,181,95,276,241.8,23.49,67.26,192,524.55,457.29,1161.714286,1136.910397,41,0,36.5791303,2376.203813,0
"BAU_n_l_HD-HR_4","BAU","north","light","HD-HR",4,"winterwheat",515.612196450448,0,5.90642691265014,1972.74658882515,0,0.507409338130177,0,5.90642691265014,0,163.076891891892,1300.92291155865,99.0380878344385,51.2226272737645,150.260715108203,209.96,72,171.09,182,635.05,463.96,1161.714286,1136.910397,166.0008,0,39.66685587,2504.292338,0
"BAU_n_l_HD-HR_5","BAU","north","light","HD-HR",5,"winterwheat",427.930602608614,0,5.48289249100747,1831.2860919965,0,0.546214758082517,0,5.48289249100747,0,54.222027027027,1223.62833171994,106.059927141166,54.5878019701615,160.647729111328,209.96,72,171.09,182,635.05,463.96,1161.714286,1136.910397,166.0008,0,58.2568469,2522.882329,0
"BAU_n_l_HD-HR_6","BAU","north","light","HD-HR",6,"wosr",216.4,0,2.37,1170.78,0,0.854131433745025,0,0,0,0,1016.95,181,95,276,241.8,23.49,67.26,192,524.55,457.29,1161.714286,1136.910397,41,0,36.5791303,2376.203813,0
"BAU_c_h_HD-HR_1","BAU","central","heavy","HD-HR",1,"winterwheat",872.145,0,8.2175,2744.645,0,0.364464866885378,0,8.2175,0,135.505,1722.695,127,64.5,191.5,233.96,72,171.09,182,659.05,487.96,1345.142857,1978.57345,166.0008,0,43.46694179,3533.184049,0
"BAU_c_h_HD-HR_2","BAU","central","heavy","HD-HR",2,"winterwheat",662.634045578359,0,7.06584665581004,2359.99278304055,0,0.424224069544468,0,7.06584665581004,0,182.165675675676,1512.51430750669,126.517612506813,64.3166445818968,190.83425708871,233.96,72,171.09,182,659.05,487.96,1345.142857,1978.57345,166.0008,0,43.46694179,3533.184049,0
"BAU_c_h_HD-HR_3","BAU","central","heavy","HD-HR",3,"wosr",498.7,0,3.35,1654.9,0,0.604266118798719,0,0,0,0,1345.25,211,111,322,241.8,23.49,67.26,192,524.55,457.29,1161.714286,1663.150282,41,0,55.92590348,2921.790471,0
"BAU_c_h_HD-HR_4","BAU","central","heavy","HD-HR",4,"winterwheat",750.663445552002,0,7.54505261301744,2520.04757274783,0,0.397239927052547,0,7.54505261301744,0,258.226216216216,1599.9737723414,126.112291664042,64.1480351253585,190.260326789401,233.96,72,171.09,182,659.05,487.96,1345.142857,1978.57345,166.0008,0,43.46694179,3533.184049,0
"BAU_c_h_HD-HR_5","BAU","central","heavy","HD-HR",5,"winterwheat",663.809085557959,0,7.07649169883781,2363.54822741183,0,0.423279809822721,0,7.07649169883781,0,98.4594594594595,1514.4606255717,127.127612139131,64.4739278746067,191.601540013738,233.96,72,171.09,182,659.05,487.96,1345.142857,1978.57345,166.0008,0,43.46694179,3533.184049,0
"BAU_c_h_HD-HR_6","BAU","central","heavy","HD-HR",6,"wosr",498.7,0,3.35,1654.9,0,0.604266118798719,0,0,0,0,1345.25,211,111,322,241.8,23.49,67.26,192,524.55,457.29,1161.714286,1663.150282,41,0,55.92590348,2921.790471,0
"BAU_c_m_HD-HR_1","BAU","central","medium","HD-HR",1,"winterwheat",722.465,0,7.285,2433.19,0,0.411116050327624,0,7.285,0,119.535,1552.5125,113.25,57.75,171,233.96,72,171.09,182,659.05,487.96,1345.142857,982.23697,166.0008,0,41.56689883,2534.947526,0
"BAU_c_m_HD-HR_2","BAU","central","medium","HD-HR",2,"winterwheat",548.537447813019,0,6.41827795308764,2143.70483633127,0,0.466972515137269,0,6.41827795308764,0,132.804594594595,1394.33529269789,123.063817404256,63.6879391347521,186.751756539008,233.96,72,171.09,182,659.05,487.96,1345.142857,982.23697,166.0008,0,73.4481337,2566.828761,0
"BAU_c_m_HD-HR_3","BAU","central","medium","HD-HR",3,"wosr",358.55,0,2.86,1412.84,0,0.707794230061437,0,0,0,0,1181.1,195,103,298,241.8,23.49,67.26,192,524.55,457.29,1161.714286,829.348723,41,0,46.25251689,2078.315526,0
"BAU_c_m_HD-HR_4","BAU","central","medium","HD-HR",4,"winterwheat",662.111246245271,0,6.95153772695892,2321.81360080428,0,0.431085476592896,0,6.95153772695892,0,180.394189189189,1491.65567561691,112.873637933897,57.6245459779656,170.498183911863,233.96,72,171.09,182,659.05,487.96,1345.142857,982.23697,166.0008,0,41.56689883,2534.947526,0
"BAU_c_m_HD-HR_5","BAU","central","medium","HD-HR",5,"winterwheat",554.026044978332,0,6.4531549437889,2155.35375122549,0,0.464070880330314,0,6.4531549437889,0,53.9905405405405,1400.69962815005,123.717687378788,63.9058957929295,187.623583171718,233.96,72,171.09,182,659.05,487.96,1345.142857,982.23697,166.0008,0,73.4481337,2566.828761,0
"BAU_c_m_HD-HR_6","BAU","central","medium","HD-HR",6,"wosr",358.55,0,2.86,1412.84,0,0.707794230061437,0,0,0,0,1181.1,195,103,298,241.8,23.49,67.26,192,524.55,457.29,1161.714286,829.348723,41,0,46.25251689,2078.315526,0
"BAU_c_l_HD-HR_1","BAU","central","light","HD-HR",1,"winterwheat",575.5,0,6.24,2084.16,0,0.479964235132736,0,6.24,0,102.2,1361.8,99.75,51.5,151.25,209.96,72,171.09,182,635.05,463.96,1161.714286,1136.910397,166.0008,0,39.66685587,2504.292338,0
"BAU_c_l_HD-HR_2","BAU","central","light","HD-HR",2,"winterwheat",422.583997484231,0,5.4486196172566,1819.83895216371,0,0.550104437336166,0,5.4486196172566,0,122.523108108108,1217.3762689772,105.380037066156,54.362234426809,159.742271492965,209.96,72,171.09,182,635.05,463.96,1161.714286,1136.910397,166.0008,0,58.2568469,2522.882329,0
"BAU_c_l_HD-HR_3","BAU","central","light","HD-HR",3,"wosr",216.4,0,2.37,1170.78,0,0.854131433745025,0,0,0,0,1016.95,181,95,276,241.8,23.49,67.26,192,524.55,457.29,1161.714286,1136.910397,41,0,36.5791303,2376.203813,0
"BAU_c_l_HD-HR_4","BAU","central","light","HD-HR",4,"winterwheat",515.612196450448,0,5.90642691265014,1972.74658882515,0,0.507409338130177,0,5.90642691265014,0,163.076891891892,1300.92291155865,99.0380878344385,51.2226272737645,150.260715108203,209.96,72,171.09,182,635.05,463.96,1161.714286,1136.910397,166.0008,0,39.66685587,2504.292338,0
"BAU_c_l_HD-HR_5","BAU","central","light","HD-HR",5,"winterwheat",427.930602608614,0,5.48289249100747,1831.2860919965,0,0.546214758082517,0,5.48289249100747,0,54.222027027027,1223.62833171994,106.059927141166,54.5878019701615,160.647729111328,209.96,72,171.09,182,635.05,463.96,1161.714286,1136.910397,166.0008,0,58.2568469,2522.882329,0
"BAU_c_l_HD-HR_6","BAU","central","light","HD-HR",6,"wosr",216.4,0,2.37,1170.78,0,0.854131433745025,0,0,0,0,1016.95,181,95,276,241.8,23.49,67.26,192,524.55,457.29,1161.714286,1136.910397,41,0,36.5791303,2376.203813,0
"BAU_e_h_HD-HR_1","BAU","east","heavy","HD-HR",1,"winterwheat",872.145,0,8.2175,2744.645,0,0.364464866885378,0,8.2175,0,135.505,1722.695,127,64.5,191.5,233.96,72,171.09,182,659.05,487.96,1345.142857,1978.57345,166.0008,0,43.46694179,3533.184049,0
"BAU_e_h_HD-HR_2","BAU","east","heavy","HD-HR",2,"winterwheat",746.294809497051,0,7.52915658950404,2514.73830089435,0,0.397817335322571,0,7.52915658950404,0,97.6095945945946,1597.06948561221,127.188604957792,64.537817218669,191.726422176461,233.96,72,171.09,182,659.05,487.96,1345.142857,1978.57345,166.0008,0,43.46694179,3533.184049,0
"BAU_e_h_HD-HR_3","BAU","east","heavy","HD-HR",3,"wosr",498.7,0,3.35,1654.9,0,0.604266118798719,0,0,0,0,1345.25,211,111,322,241.8,23.49,67.26,192,524.55,457.29,1161.714286,1663.150282,41,0,55.92590348,2921.790471,0
"BAU_e_h_HD-HR_4","BAU","east","heavy","HD-HR",4,"winterwheat",898.113845545597,0,8.36076453381002,2792.49535429255,0,0.358295736211009,0,8.36076453381002,0,109.359189189189,1748.8412074354,127.176022924825,64.5013389649817,191.677361889807,233.96,72,171.09,182,659.05,487.96,1345.142857,1978.57345,166.0008,0,43.46694179,3533.184049,0
"BAU_e_h_HD-HR_5","BAU","east","heavy","HD-HR",5,"winterwheat",741.198633811449,0,7.50649511163551,2507.16936728626,0,0.398867952571914,0,7.50649511163551,0,19.9841891891892,1592.93569468981,127.818535986388,64.8685248919681,192.687060878356,233.96,72,171.09,182,659.05,487.96,1345.142857,1978.57345,166.0008,0,43.46694179,3533.184049,0
"BAU_e_h_HD-HR_6","BAU","east","heavy","HD-HR",6,"wosr",498.7,0,3.35,1654.9,0,0.604266118798719,0,0,0,0,1345.25,211,111,322,241.8,23.49,67.26,192,524.55,457.29,1161.714286,1663.150282,41,0,55.92590348,2921.790471,0
"BAU_e_m_HD-HR_1","BAU","east","medium","HD-HR",1,"winterwheat",722.465,0,7.285,2433.19,0,0.411116050327624,0,7.285,0,119.535,1552.5125,113.25,57.75,171,233.96,72,171.09,182,659.05,487.96,1345.142857,982.23697,166.0008,0,41.56689883,2534.947526,0
"BAU_e_m_HD-HR_2","BAU","east","medium","HD-HR",2,"winterwheat",548.537447813019,0,6.41827795308764,2143.70483633127,0,0.466972515137269,0,6.41827795308764,0,132.804594594595,1394.33529269789,123.063817404256,63.6879391347521,186.751756539008,233.96,72,171.09,182,659.05,487.96,1345.142857,982.23697,166.0008,0,73.4481337,2566.828761,0
"BAU_e_m_HD-HR_3","BAU","east","medium","HD-HR",3,"wosr",358.55,0,2.86,1412.84,0,0.707794230061437,0,0,0,0,1181.1,195,103,298,241.8,23.49,67.26,192,524.55,457.29,1161.714286,829.348723,41,0,46.25251689,2078.315526,0
"BAU_e_m_HD-HR_4","BAU","east","medium","HD-HR",4,"winterwheat",662.111246245271,0,6.95153772695892,2321.81360080428,0,0.431085476592896,0,6.95153772695892,0,180.394189189189,1491.65567561691,112.873637933897,57.6245459779656,170.498183911863,233.96,72,171.09,182,659.05,487.96,1345.142857,982.23697,166.0008,0,41.56689883,2534.947526,0
"BAU_e_m_HD-HR_5","BAU","east","medium","HD-HR",5,"winterwheat",554.026044978332,0,6.4531549437889,2155.35375122549,0,0.464070880330314,0,6.4531549437889,0,53.9905405405405,1400.69962815005,123.717687378788,63.9058957929295,187.623583171718,233.96,72,171.09,182,659.05,487.96,1345.142857,982.23697,166.0008,0,73.4481337,2566.828761,0
"BAU_e_m_HD-HR_6","BAU","east","medium","HD-HR",6,"wosr",358.55,0,2.86,1412.84,0,0.707794230061437,0,0,0,0,1181.1,195,103,298,241.8,23.49,67.26,192,524.55,457.29,1161.714286,829.348723,41,0,46.25251689,2078.315526,0
"BAU_e_l_HD-HR_1","BAU","east","light","HD-HR",1,"winterwheat",575.5,0,6.24,2084.16,0,0.479964235132736,0,6.24,0,102.2,1361.8,99.75,51.5,151.25,209.96,72,171.09,182,635.05,463.96,1161.714286,1136.910397,166.0008,0,39.66685587,2504.292338,0
"BAU_e_l_HD-HR_2","BAU","east","light","HD-HR",2,"winterwheat",422.583997484231,0,5.4486196172566,1819.83895216371,0,0.550104437336166,0,5.4486196172566,0,122.523108108108,1217.3762689772,105.380037066156,54.362234426809,159.742271492965,209.96,72,171.09,182,635.05,463.96,1161.714286,1136.910397,166.0008,0,58.2568469,2522.882329,0
"BAU_e_l_HD-HR_3","BAU","east","light","HD-HR",3,"wosr",216.4,0,2.37,1170.78,0,0.854131433745025,0,0,0,0,1016.95,181,95,276,241.8,23.49,67.26,192,524.55,457.29,1161.714286,1136.910397,41,0,36.5791303,2376.203813,0
"BAU_e_l_HD-HR_4","BAU","east","light","HD-HR",4,"winterwheat",515.612196450448,0,5.90642691265014,1972.74658882515,0,0.507409338130177,0,5.90642691265014,0,163.076891891892,1300.92291155865,99.0380878344385,51.2226272737645,150.260715108203,209.96,72,171.09,182,635.05,463.96,1161.714286,1136.910397,166.0008,0,39.66685587,2504.292338,0
"BAU_e_l_HD-HR_5","BAU","east","light","HD-HR",5,"winterwheat",427.930602608614,0,5.48289249100747,1831.2860919965,0,0.546214758082517,0,5.48289249100747,0,54.222027027027,1223.62833171994,106.059927141166,54.5878019701615,160.647729111328,209.96,72,171.09,182,635.05,463.96,1161.714286,1136.910397,166.0008,0,58.2568469,2522.882329,0
"BAU_e_l_HD-HR_6","BAU","east","light","HD-HR",6,"wosr",216.4,0,2.37,1170.78,0,0.854131433745025,0,0,0,0,1016.95,181,95,276,241.8,23.49,67.26,192,524.55,457.29,1161.714286,1136.910397,41,0,36.5791303,2376.203813,0
"BAU_n_h_LD-HR_1","BAU","north","heavy","LD-HR",1,"winterwheat",1008.58,0,8.96,2992.64,0,0.334153122326775,0,8.96,0,0,1858.2,128,65,193,233.96,72,168.66,182,656.62,487.96,1345.142857,1978.57345,151.2408,0,43.46694179,3518.424049,0
"BAU_n_h_LD-HR_2","BAU","north","heavy","LD-HR",2,"winterwheat",741.750564721404,0,7.49044091344916,2501.80726509202,0,0.40020035586144,0,7.49044091344916,0,104.677027027027,1590.00376054348,127.12999734451,64.5050738601425,191.635071204652,233.96,72,168.66,182,656.62,487.96,1345.142857,1978.57345,151.2408,0,43.46694179,3518.424049,0
"BAU_n_h_LD-HR_3","BAU","north","heavy","LD-HR",3,"wosr",498.7,0,3.35,1654.9,0,0.604266118798719,0,0,0,0,1345.25,211,111,322,241.8,23.49,67.26,192,524.55,457.29,1161.714286,1663.150282,41,0,55.92590348,2921.790471,0
"BAU_n_h_LD-HR_4","BAU","north","heavy","LD-HR",4,"winterwheat",748.368925590328,0,7.51896669840097,2511.33487726592,0,0.398646918279794,0,7.51896669840097,0,262.986216216216,1595.21303810404,126.07964897176,64.144463541954,190.224112513714,233.96,72,168.66,182,656.62,487.96,1345.142857,1978.57345,151.2408,0,43.46694179,3518.424049,0
"BAU_n_h_LD-HR_5","BAU","north","heavy","LD-HR",5,"winterwheat",657.175078846637,0,7.02620316561953,2346.75185731692,0,0.426324664637074,0,7.02620316561953,0,107.636756756757,1505.28296170162,127.04881706801,64.4390657869706,191.48788285498,233.96,72,168.66,182,656.62,487.96,1345.142857,1978.57345,151.2408,0,43.46694179,3518.424049,0
"BAU_n_h_LD-HR_6","BAU","north","heavy","LD-HR",6,"wosr",498.7,0,3.35,1654.9,0,0.604266118798719,0,0,0,0,1345.25,211,111,322,241.8,23.49,67.26,192,524.55,457.29,1161.714286,1663.150282,41,0,55.92590348,2921.790471,0
"BAU_n_m_LD-HR_1","BAU","north","medium","LD-HR",1,"winterwheat",843.43,0,7.94,2651.96,0,0.377079593960693,0,7.94,0,0,1672.05,114,58,172,233.96,72,168.66,182,656.62,487.96,1345.142857,982.23697,151.2408,0,41.56689883,2520.187526,0
"BAU_n_m_LD-HR_2","BAU","north","medium","LD-HR",2,"winterwheat",610.472292986531,0,6.74815065335169,2253.88231821946,0,0.44409059898287,0,6.74815065335169,0,72.6035135135135,1454.5355928229,123.586876291059,63.8622920970197,187.449168388079,233.96,72,168.66,182,656.62,487.96,1345.142857,982.23697,151.2408,0,73.4481337,2552.068761,0
"BAU_n_m_LD-HR_3","BAU","north","medium","LD-HR",3,"wosr",358.55,0,2.86,1412.84,0,0.707794230061437,0,0,0,0,1181.1,195,103,298,241.8,23.49,67.26,192,524.55,457.29,1161.714286,829.348723,41,0,46.25251689,2078.315526,0
"BAU_n_m_LD-HR_4","BAU","north","medium","LD-HR",4,"winterwheat",653.340809197421,0,6.88939659618632,2301.05846312623,0,0.435034077349677,0,6.88939659618632,0,191.735540540541,1480.31466752812,112.768472566605,57.5894908555351,170.357963422141,233.96,72,168.66,182,656.62,487.96,1345.142857,982.23697,151.2408,0,41.56689883,2520.187526,0
"BAU_n_m_LD-HR_5","BAU","north","medium","LD-HR",5,"winterwheat",545.12122732446,0,6.39047570310301,2134.41888483641,0,0.46864656564271,0,6.39047570310301,0,65.4287837837838,1389.26089764643,123.639752741474,63.8799175804913,187.519670321965,233.96,72,168.66,182,656.62,487.96,1345.142857,982.23697,151.2408,0,73.4481337,2552.068761,0
"BAU_n_m_LD-HR_6","BAU","north","medium","LD-HR",6,"wosr",358.55,0,2.86,1412.84,0,0.707794230061437,0,0,0,0,1181.1,195,103,298,241.8,23.49,67.26,192,524.55,457.29,1161.714286,829.348723,41,0,46.25251689,2078.315526,0
"BAU_n_l_LD-HR_1","BAU","north","light","LD-HR",1,"winterwheat",678.38,0,6.8,2271.2,0,0.440295878830574,0,6.8,0,0,1464,101,52,153,209.96,72,168.66,182,632.62,463.96,1161.714286,1136.910397,151.2408,0,39.66685587,2489.532338,0
"BAU_n_l_LD-HR_2","BAU","north","light","LD-HR",2,"winterwheat",486.099228153587,0,5.78830949694606,1933.29537197998,0,0.517717491283923,0,5.78830949694606,0,60.5310810810811,1279.36851167624,106.054980239584,54.5943032830691,160.649283522653,209.96,72,168.66,182,632.62,463.96,1161.714286,1136.910397,151.2408,0,58.2568469,2508.122329,0
"BAU_n_l_LD-HR_3","BAU","north","light","LD-HR",3,"wosr",216.4,0,2.37,1170.78,0,0.854131433745025,0,0,0,0,1016.95,181,95,276,241.8,23.49,67.26,192,524.55,457.29,1161.714286,1136.910397,41,0,36.5791303,2376.203813,0
"BAU_n_l_LD-HR_4","BAU","north","light","LD-HR",4,"winterwheat",526.108549520106,0,5.95119466947818,1987.69901960571,0,0.503643896747378,0,5.95119466947818,0,154.906486486487,1309.09302717977,99.115795166338,51.2486824933237,150.364477659662,209.96,72,168.66,182,632.62,463.96,1161.714286,1136.910397,151.2408,0,39.66685587,2489.532338,0
"BAU_n_l_LD-HR_5","BAU","north","light","LD-HR",5,"winterwheat",431.966031392308,0,5.49189551460241,1834.2931018772,0,0.545320778043235,0,5.49189551460241,0,52.5786486486486,1225.27137567242,106.086346341994,54.5989979381217,160.685344280115,209.96,72,168.66,182,632.62,463.96,1161.714286,1136.910397,151.2408,0,58.2568469,2508.122329,0
"BAU_n_l_LD-HR_6","BAU","north","light","LD-HR",6,"wosr",216.4,0,2.37,1170.78,0,0.854131433745025,0,0,0,0,1016.95,181,95,276,241.8,23.49,67.26,192,524.55,457.29,1161.714286,1136.910397,41,0,36.5791303,2376.203813,0
"BAU_c_h_LD-HR_1","BAU","central","heavy","LD-HR",1,"winterwheat",1008.58,0,8.96,2992.64,0,0.334153122326775,0,8.96,0,0,1858.2,128,65,193,233.96,72,168.66,182,656.62,487.96,1345.142857,1978.57345,151.2408,0,43.46694179,3518.424049,0
"BAU_c_h_LD-HR_2","BAU","central","heavy","LD-HR",2,"winterwheat",742.093383513178,0,7.49234301714391,2502.44256772607,0,0.400101295715655,0,7.49234301714391,0,104.329594594595,1590.35089985972,127.132850380996,64.5065343855708,191.639384766567,233.96,72,168.66,182,656.62,487.96,1345.142857,1978.57345,151.2408,0,43.46694179,3518.424049,0
"BAU_c_h_LD-HR_3","BAU","central","heavy","LD-HR",3,"wosr",498.7,0,3.35,1654.9,0,0.604266118798719,0,0,0,0,1345.25,211,111,322,241.8,23.49,67.26,192,524.55,457.29,1161.714286,1663.150282,41,0,55.92590348,2921.790471,0
"BAU_c_h_LD-HR_4","BAU","central","heavy","LD-HR",4,"winterwheat",748.479224704224,0,7.51957606926353,2511.53840713402,0,0.398613803575654,0,7.51957606926353,0,262.875405405405,1595.32424917185,126.080421476114,64.1446029915109,190.225024467624,233.96,72,168.66,182,656.62,487.96,1345.142857,1978.57345,151.2408,0,43.46694179,3518.424049,0
"BAU_c_h_LD-HR_5","BAU","central","heavy","LD-HR",5,"winterwheat",657.637224372286,0,7.02876686740067,2347.60813371182,0,0.426168048454181,0,7.02876686740067,0,107.168648648649,1505.75083795164,127.052824437569,64.4407891417843,191.493613579353,233.96,72,168.66,182,656.62,487.96,1345.142857,1978.57345,151.2408,0,43.46694179,3518.424049,0
"BAU_c_h_LD-HR_6","BAU","central","heavy","LD-HR",6,"wosr",498.7,0,3.35,1654.9,0,0.604266118798719,0,0,0,0,1345.25,211,111,322,241.8,23.49,67.26,192,524.55,457.29,1161.714286,1663.150282,41,0,55.92590348,2921.790471,0
"BAU_c_m_LD-HR_1","BAU","central","medium","LD-HR",1,"winterwheat",843.43,0,7.94,2651.96,0,0.377079593960693,0,7.94,0,0,1672.05,114,58,172,233.96,72,168.66,182,656.62,487.96,1345.142857,982.23697,151.2408,0,41.56689883,2520.187526,0
"BAU_c_m_LD-HR_2","BAU","central","medium","LD-HR",2,"winterwheat",610.472292986531,0,6.74815065335169,2253.88231821946,0,0.44409059898287,0,6.74815065335169,0,72.6035135135135,1454.5355928229,123.586876291059,63.8622920970197,187.449168388079,233.96,72,168.66,182,656.62,487.96,1345.142857,982.23697,151.2408,0,73.4481337,2552.068761,0
"BAU_c_m_LD-HR_3","BAU","central","medium","LD-HR",3,"wosr",358.55,0,2.86,1412.84,0,0.707794230061437,0,0,0,0,1181.1,195,103,298,241.8,23.49,67.26,192,524.55,457.29,1161.714286,829.348723,41,0,46.25251689,2078.315526,0
"BAU_c_m_LD-HR_4","BAU","central","medium","LD-HR",4,"winterwheat",653.340809197421,0,6.88939659618632,2301.05846312623,0,0.435034077349677,0,6.88939659618632,0,191.735540540541,1480.31466752812,112.768472566605,57.5894908555351,170.357963422141,233.96,72,168.66,182,656.62,487.96,1345.142857,982.23697,151.2408,0,41.56689883,2520.187526,0
"BAU_c_m_LD-HR_5","BAU","central","medium","LD-HR",5,"winterwheat",545.12122732446,0,6.39047570310301,2134.41888483641,0,0.46864656564271,0,6.39047570310301,0,65.4287837837838,1389.26089764643,123.639752741474,63.8799175804913,187.519670321965,233.96,72,168.66,182,656.62,487.96,1345.142857,982.23697,151.2408,0,73.4481337,2552.068761,0
"BAU_c_m_LD-HR_6","BAU","central","medium","LD-HR",6,"wosr",358.55,0,2.86,1412.84,0,0.707794230061437,0,0,0,0,1181.1,195,103,298,241.8,23.49,67.26,192,524.55,457.29,1161.714286,829.348723,41,0,46.25251689,2078.315526,0
"BAU_c_l_LD-HR_1","BAU","central","light","LD-HR",1,"winterwheat",678.38,0,6.8,2271.2,0,0.440295878830574,0,6.8,0,0,1464,101,52,153,209.96,72,168.66,182,632.62,463.96,1161.714286,1136.910397,151.2408,0,39.66685587,2489.532338,0
"BAU_c_l_LD-HR_2","BAU","central","light","LD-HR",2,"winterwheat",486.099228153587,0,5.78830949694606,1933.29537197998,0,0.517717491283923,0,5.78830949694606,0,60.5310810810811,1279.36851167624,106.054980239584,54.5943032830691,160.649283522653,209.96,72,168.66,182,632.62,463.96,1161.714286,1136.910397,151.2408,0,58.2568469,2508.122329,0
"BAU_c_l_LD-HR_3","BAU","central","light","LD-HR",3,"wosr",216.4,0,2.37,1170.78,0,0.854131433745025,0,0,0,0,1016.95,181,95,276,241.8,23.49,67.26,192,524.55,457.29,1161.714286,1136.910397,41,0,36.5791303,2376.203813,0
"BAU_c_l_LD-HR_4","BAU","central","light","LD-HR",4,"winterwheat",526.108549520106,0,5.95119466947818,1987.69901960571,0,0.503643896747378,0,5.95119466947818,0,154.906486486487,1309.09302717977,99.115795166338,51.2486824933237,150.364477659662,209.96,72,168.66,182,632.62,463.96,1161.714286,1136.910397,151.2408,0,39.66685587,2489.532338,0
"BAU_c_l_LD-HR_5","BAU","central","light","LD-HR",5,"winterwheat",431.966031392308,0,5.49189551460241,1834.2931018772,0,0.545320778043235,0,5.49189551460241,0,52.5786486486486,1225.27137567242,106.086346341994,54.5989979381217,160.685344280115,209.96,72,168.66,182,632.62,463.96,1161.714286,1136.910397,151.2408,0,58.2568469,2508.122329,0
"BAU_c_l_LD-HR_6","BAU","central","light","LD-HR",6,"wosr",216.4,0,2.37,1170.78,0,0.854131433745025,0,0,0,0,1016.95,181,95,276,241.8,23.49,67.26,192,524.55,457.29,1161.714286,1136.910397,41,0,36.5791303,2376.203813,0
"BAU_e_h_LD-HR_1","BAU","east","heavy","LD-HR",1,"winterwheat",1008.58,0,8.96,2992.64,0,0.334153122326775,0,8.96,0,0,1858.2,128,65,193,233.96,72,168.66,182,656.62,487.96,1345.142857,1978.57345,151.2408,0,43.46694179,3518.424049,0
"BAU_e_h_LD-HR_2","BAU","east","heavy","LD-HR",2,"winterwheat",805.446716486231,0,7.84379939803358,2619.82899894322,0,0.3818013148833,0,7.84379939803358,0,40.1871621621622,1654.49267327131,127.658516421884,64.7679877196794,192.426504141563,233.96,72,168.66,182,656.62,487.96,1345.142857,1978.57345,151.2408,0,43.46694179,3518.424049,0
"BAU_e_h_LD-HR_3","BAU","east","heavy","LD-HR",3,"wosr",498.7,0,3.35,1654.9,0,0.604266118798719,0,0,0,0,1345.25,211,111,322,241.8,23.49,67.26,192,524.55,457.29,1161.714286,1663.150282,41,0,55.92590348,2921.790471,0
"BAU_e_h_LD-HR_4","BAU","east","heavy","LD-HR",4,"winterwheat",902.482097381307,0,8.37152864696393,2796.09056808595,0,0.357845565565394,0,8.37152864696393,0,107.394189189189,1750.80561355888,127.191185929909,64.5123302476684,191.703516177577,233.96,72,168.66,182,656.62,487.96,1345.142857,1978.57345,151.2408,0,43.46694179,3518.424049,0
"BAU_e_h_LD-HR_5","BAU","east","heavy","LD-HR",5,"winterwheat",741.592536754998,0,7.49516702285766,2503.38578563446,0,0.399472018133595,0,7.49516702285766,0,22.0522972972973,1590.8683473082,127.799933423456,64.8558771297495,192.655810553206,233.96,72,168.66,182,656.62,487.96,1345.142857,1978.57345,151.2408,0,43.46694179,3518.424049,0
"BAU_e_h_LD-HR_6","BAU","east","heavy","LD-HR",6,"wosr",498.7,0,3.35,1654.9,0,0.604266118798719,0,0,0,0,1345.25,211,111,322,241.8,23.49,67.26,192,524.55,457.29,1161.714286,1663.150282,41,0,55.92590348,2921.790471,0
"BAU_e_m_LD-HR_1","BAU","east","medium","LD-HR",1,"winterwheat",843.43,0,7.94,2651.96,0,0.377079593960693,0,7.94,0,0,1672.05,114,58,172,233.96,72,168.66,182,656.62,487.96,1345.142857,982.23697,151.2408,0,41.56689883,2520.187526,0
"BAU_e_m_LD-HR_2","BAU","east","medium","LD-HR",2,"winterwheat",610.472292986531,0,6.74815065335169,2253.88231821946,0,0.44409059898287,0,6.74815065335169,0,72.6035135135135,1454.5355928229,123.586876291059,63.8622920970197,187.449168388079,233.96,72,168.66,182,656.62,487.96,1345.142857,982.23697,151.2408,0,73.4481337,2552.068761,0
"BAU_e_m_LD-HR_3","BAU","east","medium","LD-HR",3,"wosr",358.55,0,2.86,1412.84,0,0.707794230061437,0,0,0,0,1181.1,195,103,298,241.8,23.49,67.26,192,524.55,457.29,1161.714286,829.348723,41,0,46.25251689,2078.315526,0
"BAU_e_m_LD-HR_4","BAU","east","medium","LD-HR",4,"winterwheat",653.340809197421,0,6.88939659618632,2301.05846312623,0,0.435034077349677,0,6.88939659618632,0,191.735540540541,1480.31466752812,112.768472566605,57.5894908555351,170.357963422141,233.96,72,168.66,182,656.62,487.96,1345.142857,982.23697,151.2408,0,41.56689883,2520.187526,0
"BAU_e_m_LD-HR_5","BAU","east","medium","LD-HR",5,"winterwheat",545.12122732446,0,6.39047570310301,2134.41888483641,0,0.46864656564271,0,6.39047570310301,0,65.4287837837838,1389.26089764643,123.639752741474,63.8799175804913,187.519670321965,233.96,72,168.66,182,656.62,487.96,1345.142857,982.23697,151.2408,0,73.4481337,2552.068761,0
"BAU_e_m_LD-HR_6","BAU","east","medium","LD-HR",6,"wosr",358.55,0,2.86,1412.84,0,0.707794230061437,0,0,0,0,1181.1,195,103,298,241.8,23.49,67.26,192,524.55,457.29,1161.714286,829.348723,41,0,46.25251689,2078.315526,0
"BAU_e_l_LD-HR_1","BAU","east","light","LD-HR",1,"winterwheat",678.38,0,6.8,2271.2,0,0.440295878830574,0,6.8,0,0,1464,101,52,153,209.96,72,168.66,182,632.62,463.96,1161.714286,1136.910397,151.2408,0,39.66685587,2489.532338,0
"BAU_e_l_LD-HR_2","BAU","east","light","LD-HR",2,"winterwheat",486.099228153587,0,5.78830949694606,1933.29537197998,0,0.517717491283923,0,5.78830949694606,0,60.5310810810811,1279.36851167624,106.054980239584,54.5943032830691,160.649283522653,209.96,72,168.66,182,632.62,463.96,1161.714286,1136.910397,151.2408,0,58.2568469,2508.122329,0
"BAU_e_l_LD-HR_3","BAU","east","light","LD-HR",3,"wosr",216.4,0,2.37,1170.78,0,0.854131433745025,0,0,0,0,1016.95,181,95,276,241.8,23.49,67.26,192,524.55,457.29,1161.714286,1136.910397,41,0,36.5791303,2376.203813,0
"BAU_e_l_LD-HR_4","BAU","east","light","LD-HR",4,"winterwheat",526.108549520106,0,5.95119466947818,1987.69901960571,0,0.503643896747378,0,5.95119466947818,0,154.906486486487,1309.09302717977,99.115795166338,51.2486824933237,150.364477659662,209.96,72,168.66,182,632.62,463.96,1161.714286,1136.910397,151.2408,0,39.66685587,2489.532338,0
"BAU_e_l_LD-HR_5","BAU","east","light","LD-HR",5,"winterwheat",431.966031392308,0,5.49189551460241,1834.2931018772,0,0.545320778043235,0,5.49189551460241,0,52.5786486486486,1225.27137567242,106.086346341994,54.5989979381217,160.685344280115,209.96,72,168.66,182,632.62,463.96,1161.714286,1136.910397,151.2408,0,58.2568469,2508.122329,0
"BAU_e_l_LD-HR_6","BAU","east","light","LD-HR",6,"wosr",216.4,0,2.37,1170.78,0,0.854131433745025,0,0,0,0,1016.95,181,95,276,241.8,23.49,67.26,192,524.55,457.29,1161.714286,1136.910397,41,0,36.5791303,2376.203813,0
"BAU_n_h_LD-LR_1","BAU","north","heavy","LD-LR",1,"winterwheat",1008.58,0,8.96,2992.64,0,0.334153122326775,0,8.96,0,0,1858.2,128,65,193,233.96,72,168.66,182,656.62,487.96,1345.142857,1978.57345,151.2408,0,43.46694179,3518.424049,0
"BAU_n_h_LD-LR_2","BAU","north","heavy","LD-LR",2,"winterwheat",807.737948221264,0,7.85654447051804,2624.08585315303,0,0.38120966281655,0,7.85654447051804,0,37.8616216216216,1656.81869245126,127.678518058015,64.7827473182852,192.461265376301,233.96,72,168.66,182,656.62,487.96,1345.142857,1978.57345,151.2408,0,43.46694179,3518.424049,0
"BAU_n_h_LD-LR_3","BAU","north","heavy","LD-LR",3,"wosr",498.7,0,3.35,1654.9,0,0.604266118798719,0,0,0,0,1345.25,211,111,322,241.8,23.49,67.26,192,524.55,457.29,1161.714286,1663.150282,41,0,55.92590348,2921.790471,0
"BAU_n_h_LD-LR_4","BAU","north","heavy","LD-LR",4,"winterwheat",913.222875226583,0,8.43108181430524,2815.98132597795,0,0.355423385884825,0,8.43108181430524,0,96.5259459459459,1761.67392308255,127.27248307648,64.5585647794889,191.831047855969,233.96,72,168.66,182,656.62,487.96,1345.142857,1978.57345,151.2408,0,43.46694179,3518.424049,0
"BAU_n_h_LD-LR_5","BAU","north","heavy","LD-LR",5,"winterwheat",744.254409258334,0,7.5099866202173,2508.33553115258,0,0.398698017862514,0,7.5099866202173,0,19.3481081081081,1593.57287660314,127.824537647628,64.8739296971764,192.698467344804,233.96,72,168.66,182,656.62,487.96,1345.142857,1978.57345,151.2408,0,43.46694179,3518.424049,0
"BAU_n_h_LD-LR_6","BAU","north","heavy","LD-LR",6,"wosr",498.7,0,3.35,1654.9,0,0.604266118798719,0,0,0,0,1345.25,211,111,322,241.8,23.49,67.26,192,524.55,457.29,1161.714286,1663.150282,41,0,55.92590348,2921.790471,0
"BAU_n_m_LD-LR_1","BAU","north","medium","LD-LR",1,"winterwheat",843.43,0,7.94,2651.96,0,0.377079593960693,0,7.94,0,0,1672.05,114,58,172,233.96,72,168.66,182,656.62,487.96,1345.142857,982.23697,151.2408,0,41.56689883,2520.187526,0
"BAU_n_m_LD-LR_2","BAU","north","medium","LD-LR",2,"winterwheat",658.406891545486,0,7.01303851843901,2342.35486515863,0,0.427008894341469,0,7.01303851843901,0,24.2648648648649,1502.87575424726,123.892922394189,63.9643074647296,187.857229858919,233.96,72,168.66,182,656.62,487.96,1345.142857,982.23697,151.2408,0,73.4481337,2552.068761,0
"BAU_n_m_LD-LR_3","BAU","north","medium","LD-LR",3,"wosr",358.55,0,2.86,1412.84,0,0.707794230061437,0,0,0,0,1181.1,195,103,298,241.8,23.49,67.26,192,524.55,457.29,1161.714286,829.348723,41,0,46.25251689,2078.315526,0
"BAU_n_m_LD-LR_4","BAU","north","medium","LD-LR",4,"winterwheat",786.684739102034,0,7.62715748347367,2547.47059948021,0,0.392742403719416,0,7.62715748347367,0,57.0932432432432,1614.95696632211,113.7398208629,57.9132736209665,171.653094483866,233.96,72,168.66,182,656.62,487.96,1345.142857,982.23697,151.2408,0,41.56689883,2520.187526,0
"BAU_n_m_LD-LR_5","BAU","north","medium","LD-LR",5,"winterwheat",600.686339192194,0,6.69729801537719,2236.89753713598,0,0.447060210687459,0,6.69729801537719,0,9.43567567567568,1445.25465615361,123.961237721059,63.9870792403531,187.948316961412,233.96,72,168.66,182,656.62,487.96,1345.142857,982.23697,151.2408,0,73.4481337,2552.068761,0
"BAU_n_m_LD-LR_6","BAU","north","medium","LD-LR",6,"wosr",358.55,0,2.86,1412.84,0,0.707794230061437,0,0,0,0,1181.1,195,103,298,241.8,23.49,67.26,192,524.55,457.29,1161.714286,829.348723,41,0,46.25251689,2078.315526,0
"BAU_n_l_LD-LR_1","BAU","north","light","LD-LR",1,"winterwheat",678.38,0,6.8,2271.2,0,0.440295878830574,0,6.8,0,0,1464,101,52,153,209.96,72,168.66,182,632.62,463.96,1161.714286,1136.910397,151.2408,0,39.66685587,2489.532338,0
"BAU_n_l_LD-LR_2","BAU","north","light","LD-LR",2,"winterwheat",525.756873392613,0,6.01022271846892,2007.41438796862,0,0.498250154266166,0,6.01022271846892,0,20.0336486486486,1319.86643954172,106.648250378255,54.841315770855,161.48956614911,209.96,72,168.66,182,632.62,463.96,1161.714286,1136.910397,151.2408,0,58.2568469,2508.122329,0
"BAU_n_l_LD-LR_3","BAU","north","light","LD-LR",3,"wosr",216.4,0,2.37,1170.78,0,0.854131433745025,0,0,0,0,1016.95,181,95,276,241.8,23.49,67.26,192,524.55,457.29,1161.714286,1136.910397,41,0,36.5791303,2376.203813,0
"BAU_n_l_LD-LR_4","BAU","north","light","LD-LR",4,"winterwheat",636.920946701068,0,6.56779188518534,2193.6424896519,0,0.456049454633443,0,6.56779188518534,0,42.3781081081081,1421.62201904632,100.36283078534,51.718241559917,152.081072345257,209.96,72,168.66,182,632.62,463.96,1161.714286,1136.910397,151.2408,0,39.66685587,2489.532338,0
"BAU_n_l_LD-LR_5","BAU","north","light","LD-LR",5,"winterwheat",476.291166697712,0,5.7408671335881,1917.44962261843,0,0.52153791944042,0,5.7408671335881,0,7.14121621621622,1270.70835438675,106.86099160184,54.9361960871962,161.797187689036,209.96,72,168.66,182,632.62,463.96,1161.714286,1136.910397,151.2408,0,58.2568469,2508.122329,0
"BAU_n_l_LD-LR_6","BAU","north","light","LD-LR",6,"wosr",216.4,0,2.37,1170.78,0,0.854131433745025,0,0,0,0,1016.95,181,95,276,241.8,23.49,67.26,192,524.55,457.29,1161.714286,1136.910397,41,0,36.5791303,2376.203813,0
"BAU_c_h_LD-LR_1","BAU","central","heavy","LD-LR",1,"winterwheat",1008.58,0,8.96,2992.64,0,0.334153122326775,0,8.96,0,0,1858.2,128,65,193,233.96,72,168.66,182,656.62,487.96,1345.142857,1978.57345,151.2408,0,43.46694179,3518.424049,0
"BAU_c_h_LD-LR_2","BAU","central","heavy","LD-LR",2,"winterwheat",807.881466588295,0,7.85734232879525,2624.35233781761,0,0.381171392795608,0,7.85734232879525,0,37.7156756756757,1656.96430420116,127.679757400687,64.7835994222878,192.463356822975,233.96,72,168.66,182,656.62,487.96,1345.142857,1978.57345,151.2408,0,43.46694179,3518.424049,0
"BAU_c_h_LD-LR_3","BAU","central","heavy","LD-LR",3,"wosr",498.7,0,3.35,1654.9,0,0.604266118798719,0,0,0,0,1345.25,211,111,322,241.8,23.49,67.26,192,524.55,457.29,1161.714286,1663.150282,41,0,55.92590348,2921.790471,0
"BAU_c_h_LD-LR_4","BAU","central","heavy","LD-LR",4,"winterwheat",913.338282372191,0,8.43172122285128,2816.19488843233,0,0.355395978622428,0,8.43172122285128,0,96.4085135135135,1761.79061411277,127.273343047121,64.5589886934634,191.832331740584,233.96,72,168.66,182,656.62,487.96,1345.142857,1978.57345,151.2408,0,43.46694179,3518.424049,0
"BAU_c_h_LD-LR_5","BAU","central","heavy","LD-LR",5,"winterwheat",744.395657791564,0,7.51077251557601,2508.59802020239,0,0.398656086802942,0,7.51077251557601,0,19.2040540540541,1593.71630046743,127.825829320314,64.8748133555496,192.700642675864,233.96,72,168.66,182,656.62,487.96,1345.142857,1978.57345,151.2408,0,43.46694179,3518.424049,0
"BAU_c_h_LD-LR_6","BAU","central","heavy","LD-LR",6,"wosr",498.7,0,3.35,1654.9,0,0.604266118798719,0,0,0,0,1345.25,211,111,322,241.8,23.49,67.26,192,524.55,457.29,1161.714286,1663.150282,41,0,55.92590348,2921.790471,0
"BAU_c_m_LD-LR_1","BAU","central","medium","LD-LR",1,"winterwheat",843.43,0,7.94,2651.96,0,0.377079593960693,0,7.94,0,0,1672.05,114,58,172,233.96,72,168.66,182,656.62,487.96,1345.142857,982.23697,151.2408,0,41.56689883,2520.187526,0
"BAU_c_m_LD-LR_2","BAU","central","medium","LD-LR",2,"winterwheat",658.406891545486,0,7.01303851843901,2342.35486515863,0,0.427008894341469,0,7.01303851843901,0,24.2648648648649,1502.87575424726,123.892922394189,63.9643074647296,187.857229858919,233.96,72,168.66,182,656.62,487.96,1345.142857,982.23697,151.2408,0,73.4481337,2552.068761,0
"BAU_c_m_LD-LR_3","BAU","central","medium","LD-LR",3,"wosr",358.55,0,2.86,1412.84,0,0.707794230061437,0,0,0,0,1181.1,195,103,298,241.8,23.49,67.26,192,524.55,457.29,1161.714286,829.348723,41,0,46.25251689,2078.315526,0
"BAU_c_m_LD-LR_4","BAU","central","medium","LD-LR",4,"winterwheat",786.684739102034,0,7.62715748347367,2547.47059948021,0,0.392742403719416,0,7.62715748347367,0,57.0932432432432,1614.95696632211,113.7398208629,57.9132736209665,171.653094483866,233.96,72,168.66,182,656.62,487.96,1345.142857,982.23697,151.2408,0,41.56689883,2520.187526,0
"BAU_c_m_LD-LR_5","BAU","central","medium","LD-LR",5,"winterwheat",600.686339192194,0,6.69729801537719,2236.89753713598,0,0.447060210687459,0,6.69729801537719,0,9.43567567567568,1445.25465615361,123.961237721059,63.9870792403531,187.948316961412,233.96,72,168.66,182,656.62,487.96,1345.142857,982.23697,151.2408,0,73.4481337,2552.068761,0
"BAU_c_m_LD-LR_6","BAU","central","medium","LD-LR",6,"wosr",358.55,0,2.86,1412.84,0,0.707794230061437,0,0,0,0,1181.1,195,103,298,241.8,23.49,67.26,192,524.55,457.29,1161.714286,829.348723,41,0,46.25251689,2078.315526,0
"BAU_c_l_LD-LR_1","BAU","central","light","LD-LR",1,"winterwheat",678.38,0,6.8,2271.2,0,0.440295878830574,0,6.8,0,0,1464,101,52,153,209.96,72,168.66,182,632.62,463.96,1161.714286,1136.910397,151.2408,0,39.66685587,2489.532338,0
"BAU_c_l_LD-LR_2","BAU","central","light","LD-LR",2,"winterwheat",525.756873392613,0,6.01022271846892,2007.41438796862,0,0.498250154266166,0,6.01022271846892,0,20.0336486486486,1319.86643954172,106.648250378255,54.841315770855,161.48956614911,209.96,72,168.66,182,632.62,463.96,1161.714286,1136.910397,151.2408,0,58.2568469,2508.122329,0
"BAU_c_l_LD-LR_3","BAU","central","light","LD-LR",3,"wosr",216.4,0,2.37,1170.78,0,0.854131433745025,0,0,0,0,1016.95,181,95,276,241.8,23.49,67.26,192,524.55,457.29,1161.714286,1136.910397,41,0,36.5791303,2376.203813,0
"BAU_c_l_LD-LR_4","BAU","central","light","LD-LR",4,"winterwheat",636.920946701068,0,6.56779188518534,2193.6424896519,0,0.456049454633443,0,6.56779188518534,0,42.3781081081081,1421.62201904632,100.36283078534,51.718241559917,152.081072345257,209.96,72,168.66,182,632.62,463.96,1161.714286,1136.910397,151.2408,0,39.66685587,2489.532338,0
"BAU_c_l_LD-LR_5","BAU","central","light","LD-LR",5,"winterwheat",476.291166697712,0,5.7408671335881,1917.44962261843,0,0.52153791944042,0,5.7408671335881,0,7.14121621621622,1270.70835438675,106.86099160184,54.9361960871962,161.797187689036,209.96,72,168.66,182,632.62,463.96,1161.714286,1136.910397,151.2408,0,58.2568469,2508.122329,0
"BAU_c_l_LD-LR_6","BAU","central","light","LD-LR",6,"wosr",216.4,0,2.37,1170.78,0,0.854131433745025,0,0,0,0,1016.95,181,95,276,241.8,23.49,67.26,192,524.55,457.29,1161.714286,1136.910397,41,0,36.5791303,2376.203813,0
"BAU_e_h_LD-LR_1","BAU","east","heavy","LD-LR",1,"winterwheat",1008.58,0,8.96,2992.64,0,0.334153122326775,0,8.96,0,0,1858.2,128,65,193,233.96,72,168.66,182,656.62,487.96,1345.142857,1978.57345,151.2408,0,43.46694179,3518.424049,0
"BAU_e_h_LD-LR_2","BAU","east","heavy","LD-LR",2,"winterwheat",834.572252500067,0,8.00566020251261,2673.89050763921,0,0.373998095939874,0,8.00566020251261,0,10.6462162162162,1684.03278777662,127.908409269721,64.9322451864168,192.840654456137,233.96,72,168.66,182,656.62,487.96,1345.142857,1978.57345,151.2408,0,43.46694179,3518.424049,0
"BAU_e_h_LD-LR_3","BAU","east","heavy","LD-LR",3,"wosr",498.7,0,3.35,1654.9,0,0.604266118798719,0,0,0,0,1345.25,211,111,322,241.8,23.49,67.26,192,524.55,457.29,1161.714286,1663.150282,41,0,55.92590348,2921.790471,0
"BAU_e_h_LD-LR_4","BAU","east","heavy","LD-LR",4,"winterwheat",990.590251630178,0,8.86009812475192,2959.27277366714,0,0.337940061256965,0,8.86009812475192,0,18.2314864864865,1839.96831621502,127.859393218286,64.898671366558,192.758064584844,233.96,72,168.66,182,656.62,487.96,1345.142857,1978.57345,151.2408,0,43.46694179,3518.424049,0
"BAU_e_h_LD-LR_5","BAU","east","heavy","LD-LR",5,"winterwheat",761.479761518245,0,7.60586285108899,2540.35819226372,0,0.393645518505622,0,7.60586285108899,0,1.84986486486486,1611.07000572143,127.983082658249,64.9871615449324,192.970244203181,233.96,72,168.66,182,656.62,487.96,1345.142857,1978.57345,151.2408,0,43.46694179,3518.424049,0
"BAU_e_h_LD-LR_6","BAU","east","heavy","LD-LR",6,"wosr",498.7,0,3.35,1654.9,0,0.604266118798719,0,0,0,0,1345.25,211,111,322,241.8,23.49,67.26,192,524.55,457.29,1161.714286,1663.150282,41,0,55.92590348,2921.790471,0
"BAU_e_m_LD-LR_1","BAU","east","medium","LD-LR",1,"winterwheat",843.43,0,7.94,2651.96,0,0.377079593960693,0,7.94,0,0,1672.05,114,58,172,233.96,72,168.66,182,656.62,487.96,1345.142857,982.23697,151.2408,0,41.56689883,2520.187526,0
"BAU_e_m_LD-LR_2","BAU","east","medium","LD-LR",2,"winterwheat",658.406891545486,0,7.01303851843901,2342.35486515863,0,0.427008894341469,0,7.01303851843901,0,24.2648648648649,1502.87575424726,123.892922394189,63.9643074647296,187.857229858919,233.96,72,168.66,182,656.62,487.96,1345.142857,982.23697,151.2408,0,73.4481337,2552.068761,0
"BAU_e_m_LD-LR_3","BAU","east","medium","LD-LR",3,"wosr",358.55,0,2.86,1412.84,0,0.707794230061437,0,0,0,0,1181.1,195,103,298,241.8,23.49,67.26,192,524.55,457.29,1161.714286,829.348723,41,0,46.25251689,2078.315526,0
"BAU_e_m_LD-LR_4","BAU","east","medium","LD-LR",4,"winterwheat",786.684739102034,0,7.62715748347367,2547.47059948021,0,0.392742403719416,0,7.62715748347367,0,57.0932432432432,1614.95696632211,113.7398208629,57.9132736209665,171.653094483866,233.96,72,168.66,182,656.62,487.96,1345.142857,982.23697,151.2408,0,41.56689883,2520.187526,0
"BAU_e_m_LD-LR_5","BAU","east","medium","LD-LR",5,"winterwheat",600.686339192194,0,6.69729801537719,2236.89753713598,0,0.447060210687459,0,6.69729801537719,0,9.43567567567568,1445.25465615361,123.961237721059,63.9870792403531,187.948316961412,233.96,72,168.66,182,656.62,487.96,1345.142857,982.23697,151.2408,0,73.4481337,2552.068761,0
"BAU_e_m_LD-LR_6","BAU","east","medium","LD-LR",6,"wosr",358.55,0,2.86,1412.84,0,0.707794230061437,0,0,0,0,1181.1,195,103,298,241.8,23.49,67.26,192,524.55,457.29,1161.714286,829.348723,41,0,46.25251689,2078.315526,0
"BAU_e_l_LD-LR_1","BAU","east","light","LD-LR",1,"winterwheat",678.38,0,6.8,2271.2,0,0.440295878830574,0,6.8,0,0,1464,101,52,153,209.96,72,168.66,182,632.62,463.96,1161.714286,1136.910397,151.2408,0,39.66685587,2489.532338,0
"BAU_e_l_LD-LR_2","BAU","east","light","LD-LR",2,"winterwheat",525.756873392613,0,6.01022271846892,2007.41438796862,0,0.498250154266166,0,6.01022271846892,0,20.0336486486486,1319.86643954172,106.648250378255,54.841315770855,161.48956614911,209.96,72,168.66,182,632.62,463.96,1161.714286,1136.910397,151.2408,0,58.2568469,2508.122329,0
"BAU_e_l_LD-LR_3","BAU","east","light","LD-LR",3,"wosr",216.4,0,2.37,1170.78,0,0.854131433745025,0,0,0,0,1016.95,181,95,276,241.8,23.49,67.26,192,524.55,457.29,1161.714286,1136.910397,41,0,36.5791303,2376.203813,0
"BAU_e_l_LD-LR_4","BAU","east","light","LD-LR",4,"winterwheat",636.920946701068,0,6.56779188518534,2193.6424896519,0,0.456049454633443,0,6.56779188518534,0,42.3781081081081,1421.62201904632,100.36283078534,51.718241559917,152.081072345257,209.96,72,168.66,182,632.62,463.96,1161.714286,1136.910397,151.2408,0,39.66685587,2489.532338,0
"BAU_e_l_LD-LR_5","BAU","east","light","LD-LR",5,"winterwheat",476.291166697712,0,5.7408671335881,1917.44962261843,0,0.52153791944042,0,5.7408671335881,0,7.14121621621622,1270.70835438675,106.86099160184,54.9361960871962,161.797187689036,209.96,72,168.66,182,632.62,463.96,1161.714286,1136.910397,151.2408,0,58.2568469,2508.122329,0
"BAU_e_l_LD-LR_6","BAU","east","light","LD-LR",6,"wosr",216.4,0,2.37,1170.78,0,0.854131433745025,0,0,0,0,1016.95,181,95,276,241.8,23.49,67.26,192,524.55,457.29,1161.714286,1136.910397,41,0,36.5791303,2376.203813,0
"MIT_n_h_HD-HR_1","MIT","north","heavy","HD-HR",1,"setaside",132.07,-740.075,0,0,-2744.645,0,-0.364464866885378,0,-8.2175,0,223,45,24,69,0,0,19.93,2,21.93,2,0,147.249013,91.512,0,51.74654148,290.5075545,-3242.6764945
"MIT_n_h_HD-HR_2","MIT","north","heavy","HD-HR",2,"sosr",367.73,-294.530854245973,2.09,1032.46,-1326.84270225666,0.968560525347229,0.544214282807211,0,-7.06378054567861,0,923.15,168,86,254,114.54,36.67,10.21,140,301.42,291.21,611.4285714,953.4744075,61.992,0,52.80123642,1679.696215,-1853.487834
"MIT_n_h_HD-HR_3","MIT","north","heavy","HD-HR",3,"springbarley",644.75,146.05,5.68,1885.76,230.86,0.530290174783642,-0.0739759440150773,0,0,0,1299.36,136,69,205,134.4,76,88.21,151,449.61,361.4,672.5714286,1018.343331,157.112,0,53.87323642,1901.899996,-1019.890475
"MIT_n_h_HD-HR_4","MIT","north","heavy","HD-HR",4,"winterwheat",716.859609693617,-33.7048088345527,7.68991726777944,2568.43236743833,48.567523845582,0.389777423065481,-0.00749208514596272,7.68991726777944,0.145411748040665,51.9194594594595,1626.410665576,131.754765385459,67.9182551284863,199.673020513945,246.32,90,191.56,182,709.88,518.32,1345.142857,1978.57345,189.912,0,62.98523642,3576.613543,43.429494
"MIT_n_h_HD-HR_5","MIT","north","heavy","HD-HR",5,"wosr",621.58,-41.7858710687052,3.36,1659.84,-702.886871885007,0.602467707730866,0.179039097555317,0,-7.07403255055391,0,1348.6,164,85,249,197.22,23.49,65.31,192,478.02,412.71,1100.571429,1568.200246,77.49,0,22.49469493,2768.756369,-764.42768
"MIT_n_h_HD-HR_6","MIT","north","heavy","HD-HR",6,"winterwheat",783.478872456666,284.778872456666,8.06314427530146,2693.09018795069,1038.19018795069,0.372176456393616,-0.232089662405103,8.06314427530146,8.06314427530146,163.674594594595,1694.52546931628,132.788855020776,68.3777418388343,201.16659685961,246.32,90,191.56,182,709.88,518.32,1345.142857,1978.57345,189.912,0,62.98523642,3576.613543,654.823072
"MIT_n_m_HD-HR_1","MIT","north","medium","HD-HR",1,"setaside",141.07,-581.395,0,0,-2433.19,0,-0.411116050327624,0,-7.285,0,223,39,21,60,0,0,19.93,2,21.93,2,0,48.08499478,91.512,0,48.27795667,187.8749514,-2347.0725746
"MIT_n_m_HD-HR_2","MIT","north","medium","HD-HR",2,"sosr",376.73,-171.807447813019,2.09,1032.46,-1111.24483633127,0.968560525347229,0.50158801020996,0,-6.41827795308764,0,923.15,162,83,245,114.54,36.67,10.21,140,301.42,291.21,611.4285714,463.8311267,61.992,0,49.16690104,1186.418599,-1380.410162
"MIT_n_m_HD-HR_3","MIT","north","medium","HD-HR",3,"springbarley",606.9,248.35,5.38,1786.16,373.32,0.559860258879384,-0.147933971182053,0,0,0,1242.51,124,62,186,134.4,76,88.21,151,449.61,361.4,672.5714286,498.9477029,157.112,0,50.23890104,1378.870033,-699.445493
"MIT_n_m_HD-HR_4","MIT","north","medium","HD-HR",4,"winterwheat",589.944446389346,-72.1667998559246,6.88930630981445,2301.02830747803,-20.7852933262541,0.4348886849254,0.0038032083325039,6.88930630981445,-0.0622314171444734,32.3559459459459,1480.29416388686,119.686066919071,60.7936505784456,180.479717497516,246.32,90,191.56,182,709.88,518.32,1345.142857,982.23697,189.912,0,59.35090104,2576.642728,41.6952019999999
"MIT_n_m_HD-HR_5","MIT","north","medium","HD-HR",5,"wosr",458.08,-95.946044978332,2.86,1412.84,-742.513751225494,0.707794230061437,0.243723349731122,0,-6.4531549437889,0,1181.1,161,84,245,197.22,23.49,65.31,192,478.02,412.71,1100.571429,782.4020867,77.49,0,22.32894438,1982.79246,-584.036301
"MIT_n_m_HD-HR_6","MIT","north","medium","HD-HR",6,"winterwheat",675.730233910335,317.180233910335,7.36340068116373,2459.37582750869,1046.53582750869,0.407284166369994,-0.300510063691442,7.36340068116373,7.36340068116373,105.228918918919,1566.82114153892,120.409656579992,60.8032188599972,181.212875439989,246.32,90,191.56,182,709.88,518.32,1345.142857,982.23697,189.912,0,59.35090104,2576.642728,498.327202
"MIT_n_l_HD-HR_1","MIT","north","light","HD-HR",1,"setaside",150.07,-425.43,0,0,-2084.16,0,-0.479964235132736,0,-6.24,0,223,33,18,51,0,0,19.93,2,21.93,2,0,74.93936248,91.512,0,44.80937185,211.2607343,-2293.0316037
"MIT_n_l_HD-HR_2","MIT","north","light","HD-HR",2,"sosr",384.73,-37.8539974842313,2.09,1032.46,-787.378952163706,0.968560525347229,0.418456088011063,0,-5.4486196172566,0,923.15,157,80,237,114.54,36.67,10.21,140,301.42,291.21,611.4285714,641.2801553,61.992,0,45.53256567,1360.233292,-1162.649037
"MIT_n_l_HD-HR_3","MIT","north","light","HD-HR",3,"springbarley",569.05,352.65,5.08,1686.56,515.78,0.592922872592733,-0.261208561152292,0,0,0,1185.66,111,56,167,134.4,76,88.21,151,449.61,361.4,672.5714286,687.6252516,157.112,0,46.60456567,1563.913246,-812.290567
"MIT_n_l_HD-HR_4","MIT","north","light","HD-HR",4,"winterwheat",435.642807286842,-79.9693891636069,5.6230340948585,1878.09338768274,-94.6532011424088,0.532820067849114,0.0254107297189371,5.6230340948585,-0.283392817791643,26.3093243243243,1249.20039978183,105.739858748758,53.9462081703126,159.686066919071,190.32,90,191.56,182,653.88,462.32,1345.142857,1351.413824,189.912,0,55.71656567,2942.185246,437.892908
"MIT_n_l_HD-HR_5","MIT","north","light","HD-HR",5,"wosr",295.93,-132.000602608614,2.37,1170.78,-660.506091996495,0.854131433745025,0.307916675662508,0,-5.48289249100747,0,1016.95,160,83,243,197.22,23.49,65.31,192,478.02,412.71,1100.571429,1071.785771,77.49,0,22.16319382,2272.010394,-250.871935
"MIT_n_l_HD-HR_6","MIT","north","light","HD-HR",6,"winterwheat",450.558988511449,234.158988511449,6.0112024237027,2007.7416095167,836.961609516702,0.498894124064464,-0.35523730968056,6.0112024237027,6.0112024237027,85.5562162162162,1320.04345842004,105.803218859997,53.8032188599972,159.606437719994,246.32,90,191.56,182,709.88,518.32,1345.142857,1351.413824,189.912,0,55.71656567,2942.185246,565.981433
"MIT_c_h_HD-HR_1","MIT","central","heavy","HD-HR",1,"winterwheat",718.72,-153.425,8.275,2763.85,19.2049999999995,0.361931480619529,-0.00253338626584917,8.275,0.0574999999999983,135.96,1733.19,144,73.5,217.5,270.32,90,254.65,182,796.97,542.32,1528.571429,2346.886536,372.608,0,85.23776447,4333.303729,800.11968
"MIT_c_h_HD-HR_2","MIT","central","heavy","HD-HR",2,"springbarley",592.53,-70.1040455783588,5.3489,1775.8348,-584.157983040554,0.563115442945481,0.138891373401013,0,-7.06584665581004,0,1236.62,141,72,213,166.4,76,37.69,151,431.09,393.4,917.1428571,1309.897889,189.748,0,91.89205909,2508.680805,-1024.503244
"MIT_c_h_HD-HR_3","MIT","central","heavy","HD-HR",3,"springbeans",311.38,-187.32,4.43,1519.49,-135.41,0.658115551928608,0.0538494331298887,0,0,0,1042.55,231,120,351,52.58,138.7,107.89,81,380.17,272.28,0,427.2379807,225.2868,0,150.1508324,802.6756131,-2119.1148579
"MIT_c_h_HD-HR_4","MIT","central","heavy","HD-HR",4,"winterwheat",755.838980910288,5.17553535828589,8.39949441572019,2805.43113485054,285.383562102719,0.357020492744916,-0.0402194343076315,8.39949441572019,0.854441802702751,113.239864864865,1755.91010700819,144.156353948872,73.5247721490304,217.681126097902,270.32,90,240.07,182,782.39,542.32,1528.571429,2346.886536,372.608,0,46.20117523,4294.267139,761.08309
"MIT_c_h_HD-HR_5","MIT","central","heavy","HD-HR",5,"springbarley",592.53,-71.2790855579587,5.3489,1775.8348,-587.713427411827,0.563115442945481,0.13983563312276,0,-7.07649169883781,0,1236.62,141,72,213,166.4,76,37.69,151,431.09,393.4,917.1428571,1309.897889,189.748,0,91.89205909,2508.680805,-1024.503244
"MIT_c_h_HD-HR_6","MIT","central","heavy","HD-HR",6,"wosr",605.79,107.09,3.36,1659.84,4.93999999999985,0.602467707730866,-0.00179841106785329,0,0,0,1348.6,169,87,256,197.22,23.49,74.1,192,486.81,412.71,1100.571429,1568.200246,63.55,0,26.24669493,2758.568369,-163.222102
"MIT_c_m_HD-HR_1","MIT","central","medium","HD-HR",1,"winterwheat",566.3025,-156.1625,7.3275,2447.385,14.1950000000002,0.408733029797857,-0.0023830205297673,7.3275,0.0425000000000004,120.905,1560.265,131.25,65.75,197,270.32,90,254.65,182,796.97,542.32,1528.571429,1155.987449,372.608,0,80.24789125,3137.414769,602.467243
"MIT_c_m_HD-HR_2","MIT","central","medium","HD-HR",2,"springbarley",555.87,7.33255218698105,5.0552,1678.3264,-465.378436331271,0.595831657060271,0.128859141923002,0,-6.41827795308764,0,1180.96,128,66,194,166.4,76,37.69,151,431.09,393.4,917.1428571,652.014275,189.748,0,85.16789346,1844.073026,-722.755735
"MIT_c_m_HD-HR_3","MIT","central","medium","HD-HR",3,"springbeans",123.23,-235.32,3.24,1111.32,-301.52,0.899830831803621,0.192036601742184,0,0,0,822.4,209,110,319,52.58,138.7,107.89,81,380.17,272.28,0,160.5621573,225.2868,0,128.4011305,514.2500879,-1564.0654381
"MIT_c_m_HD-HR_4","MIT","central","medium","HD-HR",4,"winterwheat",629.82434958684,-32.2868966584308,7.59853483445579,2537.91063470823,216.097033903953,0.394412344405942,-0.0366731321869546,7.59853483445579,0.646997107496864,71.4417567567568,1609.7282039619,131.641995770719,65.8806652569064,197.522661027626,270.32,90,240.07,182,782.39,542.32,1528.571429,1155.987449,372.608,0,44.67988682,3101.846765,566.899239
"MIT_c_m_HD-HR_5","MIT","central","medium","HD-HR",5,"springbarley",555.87,1.84395502166801,5.0552,1678.3264,-477.027351225494,0.595831657060271,0.131760776729957,0,-6.4531549437889,0,1180.96,128,66,194,166.4,76,37.69,151,431.09,393.4,917.1428571,652.014275,189.748,0,85.16789346,1844.073026,-722.755735
"MIT_c_m_HD-HR_6","MIT","central","medium","HD-HR",6,"wosr",442.29,83.74,2.86,1412.84,-3.99440240643516e-14,0.707794230061437,1.95039180001717e-17,0,0,0,1181.1,166,86,252,197.22,23.49,74.1,192,486.81,412.71,1100.571429,782.4020867,63.55,0,26.08094438,1972.60446,-105.711066
"MIT_c_l_HD-HR_1","MIT","central","light","HD-HR",1,"winterwheat",436.3225,-139.1775,6.175,2062.45,-21.7099999999999,0.485016960673167,0.0050527255404304,6.175,-0.0649999999999999,101.29,1349.9425,116.75,59.5,176.25,214.32,86.4,254.65,182,737.37,482.72,1528.571429,1599.043631,372.608,0,75.00357638,3575.226636,1070.934298
"MIT_c_l_HD-HR_2","MIT","central","light","HD-HR",2,"springbarley",521.59,99.0060025157687,4.7793,1586.7276,-233.111352163706,0.630227897970641,0.0801234606344748,0,-5.4486196172566,0,1128.68,116,60,176,166.4,76,37.69,151,431.09,393.4,917.1428571,893.005634,189.748,0,78.18928619,2078.085777,-444.796552
"MIT_c_l_HD-HR_3","MIT","central","light","HD-HR",3,"driedpeas",441.51,225.11,4.36,1508.56,337.78,0.662883809725831,-0.191247624019194,0,0,0,1204,208,107,315,43.6,141,107.89,155,447.49,339.6,0,253.8256254,225.2868,0,106.396987,585.5094124,-1790.6944006
"MIT_c_l_HD-HR_4","MIT","central","light","HD-HR",4,"winterwheat",507.229280261423,-8.38291618902531,6.48806345972999,2167.01319554982,194.266606724667,0.461726824020431,-0.0456825141097452,6.48806345972999,0.581636547079842,44.1537837837838,1407.07658140072,117.344692300624,59.7126088386757,177.057301139299,214.32,86.4,240.07,182,722.79,482.72,1528.571429,1599.043631,372.608,0,42.90415677,3543.127216,1038.834878
"MIT_c_l_HD-HR_5","MIT","central","light","HD-HR",5,"springbarley",521.59,93.6593973913859,4.7793,1586.7276,-244.558491996495,0.630227897970641,0.0840131398881242,0,-5.48289249100747,0,1128.68,116,60,176,166.4,76,37.69,151,431.09,393.4,917.1428571,893.005634,189.748,0,78.18928619,2078.085777,-444.796552
"MIT_c_l_HD-HR_6","MIT","central","light","HD-HR",6,"wosr",280.14,63.74,2.37,1170.78,-9.21785170715806e-15,0.854131433745025,-1.50030138462859e-18,0,0,0,1016.95,165,85,250,197.22,23.49,74.1,192,486.81,412.71,1100.571429,1071.785771,63.55,0,25.91519382,2261.822394,-114.381419
"MIT_e_h_HD-HR_1","MIT","east","heavy","HD-HR",1,"springlinseed",227.3,-644.845,1.71,851.58,-1893.065,1.17428779445266,0.809822927567286,0,-8.2175,0,872.8,198,101,299,90.2,83.2,120.1,53,346.5,226.4,489.1428571,832.0828841,230.543,0,73.39153104,1625.160272,-1908.023777
"MIT_e_h_HD-HR_2","MIT","east","heavy","HD-HR",2,"springbeans",214.6,-531.694809497051,4.43,1519.49,-995.248300894349,0.658115551928608,0.260298216606037,0,-7.52915658950404,0,1042.55,237,123,360,52.58,138.7,195.67,81,467.95,272.28,0,427.2379807,220.9203,0,90.12118765,738.2794684,-2794.9045806
"MIT_e_h_HD-HR_3","MIT","east","heavy","HD-HR",3,"winterwheat",907.440896107079,408.740896107079,8.88365193117382,2967.13974501206,1312.23974501206,0.337048214706122,-0.267217904092597,8.88365193117382,8.88365193117382,13.9335135135135,1844.26678489628,138.892662297508,70.9232264916909,209.815888789199,246.32,72,226.69,182,727.01,500.32,1345.142857,1978.57345,366.458,0,66.73723642,3756.911543,835.121072
"MIT_e_h_HD-HR_4","MIT","east","heavy","HD-HR",4,"springoats",630.95,-267.163845545597,5.5,2117.5,-674.995354292547,0.472255017709563,0.113959281498554,0,-8.36076453381002,0,1171.75,130,65,195,125.22,49.4,20.18,151,345.8,325.62,611.4285714,953.4744075,98.113,0,53.87323642,1716.889215,-1816.294834
"MIT_e_h_HD-HR_5","MIT","east","heavy","HD-HR",5,"winterwheat",706.403199482405,-34.7954343290444,7.88675742001545,2634.17697828516,127.0076109989,0.379644872794393,-0.0192230797775211,7.88675742001545,0.380262308379939,15.995,1662.33476190648,150.941171818054,77.9803906060179,228.921562424072,246.32,72,226.69,182,727.01,500.32,1345.142857,1978.57345,366.458,0,111.9097151,3802.084022,268.899973
"MIT_e_h_HD-HR_6","MIT","east","heavy","HD-HR",6,"springlinseed",227.3,-271.4,1.71,851.58,-803.32,1.17428779445266,0.570021675653946,0,0,0,872.8,198,101,299,90.2,83.2,120.1,53,346.5,226.4,489.1428571,832.0828841,230.543,0,73.39153104,1625.160272,-1296.630199
"MIT_e_m_HD-HR_1","MIT","east","medium","HD-HR",1,"springlinseed",125.7,-596.765,1.39,692.22,-1740.97,1.44462743058565,1.03351138025803,0,-7.285,0,751.2,184,95,279,90.2,83.2,120.1,53,346.5,226.4,489.1428571,396.8726303,230.543,0,68.02290326,1184.581391,-1350.366135
"MIT_e_m_HD-HR_2","MIT","east","medium","HD-HR",2,"springbeans",31.45,-517.087447813019,3.24,1111.32,-1032.38483633127,0.899830831803621,0.432858316666352,0,-6.41827795308764,0,822.4,212,111,323,52.58,138.7,195.67,81,467.95,272.28,0,160.5621573,220.9203,0,76.81346569,458.295923,-2108.532838
"MIT_e_m_HD-HR_3","MIT","east","medium","HD-HR",3,"winterwheat",716.307640539004,357.757640539004,7.72097571510384,2578.80588884468,1165.96588884468,0.387936476868435,-0.319857753193001,7.72097571510384,7.72097571510384,39.9712162162162,1632.07860057902,124.82116711223,63.9403890374101,188.76155614964,246.32,72,226.69,182,727.01,500.32,1345.142857,982.23697,366.458,0,63.10290104,2756.940728,678.625202
"MIT_e_m_HD-HR_4","MIT","east","medium","HD-HR",4,"springoats",648.95,-13.1612462452708,5.5,2117.5,-204.313600804281,0.472255017709563,0.0411695411166667,0,-6.95153772695892,0,1171.75,118,59,177,125.22,49.4,20.18,151,345.8,325.62,611.4285714,463.8311267,98.113,0,50.23890104,1223.611599,-1311.335927
"MIT_e_m_HD-HR_5","MIT","east","medium","HD-HR",5,"winterwheat",526.915458229165,-27.1105867491671,6.76198197679115,2258.50198024824,103.148229022751,0.443150989194718,-0.0209198911355969,6.76198197679115,0.308827033002248,55.5922972972973,1457.05766344816,133.4656406159,69.6732975788883,203.138938194788,246.32,72,226.69,182,727.01,500.32,1345.142857,982.23697,366.458,0,94.98413592,2788.821963,221.993202
"MIT_e_m_HD-HR_6","MIT","east","medium","HD-HR",6,"springlinseed",125.7,-232.85,1.39,692.22,-720.62,1.44462743058565,0.736833200524216,0,0,0,751.2,184,95,279,90.2,83.2,120.1,53,346.5,226.4,489.1428571,396.8726303,230.543,0,68.02290326,1184.581391,-893.734135
"MIT_e_l_HD-HR_1","MIT","east","light","HD-HR",1,"springlinseed",24.1,-551.4,1.07,532.86,-1551.3,1.87666554066734,1.39670130553461,0,-6.24,0,629.6,171,88,259,90.2,83.2,120.1,53,346.5,226.4,489.1428571,553.7871934,230.543,0,59.74637099,1333.219422,-1171.072916
"MIT_e_l_HD-HR_2","MIT","east","light","HD-HR",2,"driedpeas",353.73,-68.8539974842313,4.36,1508.56,-311.278952163706,0.662883809725831,0.112779372389665,0,-5.4486196172566,0,1204,208,107,315,43.6,141,195.67,155,535.27,339.6,0,253.8256254,171.71415,0,60.59783924,486.1376147,-2036.7447143
"MIT_e_l_HD-HR_3","MIT","east","light","HD-HR",3,"winterwheat",546.067430761985,329.667430761985,6.36166153417706,2124.79495241514,954.014952415139,0.47073320809876,-0.383398225646265,6.36166153417706,6.36166153417706,21.5964864864865,1384.00304494798,109.962992132334,56.9629921323337,166.925984264667,190.32,72,226.69,182,671.01,444.32,1345.142857,1351.413824,366.458,0,56.56066119,3119.575342,743.371529
"MIT_e_l_HD-HR_4","MIT","east","light","HD-HR",4,"sugarbeet",447.05,-68.5621964504485,69.58,4870.6,2897.85341117485,0.205313513735474,-0.302095824394703,0,-5.90642691265014,0,2112.79,165,89,254,175.06,218.75,182.03,835.9,1411.74,1229.71,519.7142857,575.0431765,259.80675,0,53.46223543,1408.026448,-1096.26589
"MIT_e_l_HD-HR_5","MIT","east","light","HD-HR",5,"springoats",667.95,240.019397391386,5.5,2117.5,286.213908003505,0.472255017709563,-0.0739597403729535,0,-5.48289249100747,0,1171.75,106,52,158,125.22,49.4,20.18,151,345.8,325.62,611.4285714,641.2801553,98.113,0,43.69666119,1394.518388,-1128.363941
"MIT_e_l_HD-HR_6","MIT","east","light","HD-HR",6,"winterwheat",411.778490575788,195.378490575788,5.67445899599592,1895.26930466264,724.489304662639,0.527713257099935,-0.32641817664509,5.67445899599592,5.67445899599592,16.9247297297297,1258.58523971627,115.828382296274,59.9683668442074,175.796749140481,190.32,72,226.69,182,671.01,444.32,1345.142857,1351.413824,366.458,0,76.08990537,3139.104586,762.900773
"MIT_n_h_LD-HR_1","MIT","north","heavy","LD-HR",1,"winterwheat",977.67,-30.9100000000001,8.96,2992.64,0,0.334153122326775,0,8.96,0,0,1858.2,129,65,194,246.32,72,186.21,182,686.53,500.32,1345.142857,1978.57345,201.72,0,58.21546985,3583.651777,65.2277279999998
"MIT_n_h_LD-HR_2","MIT","north","heavy","LD-HR",2,"winterbarley",623.62,-118.130564721404,6.6839,2219.0548,-282.75246509202,0.450642318522282,0.0504419626608427,0,-7.49044091344916,0,1362.6,132,68,200,212.62,73.8,94.56,158,538.98,444.42,1161.714286,1663.150282,187.78,0,54.46346985,3067.108037,-451.316012
"MIT_n_h_LD-HR_3","MIT","north","heavy","LD-HR",3,"springbeans",379.88,-118.82,4.43,1519.49,-135.41,0.658115551928608,0.0538494331298887,0,0,0,1042.55,201,103,304,52.58,115.9,109.18,81,358.66,249.48,0,427.2379807,134.7875,0,46.42346985,608.4489506,-2313.3415204
"MIT_n_h_LD-HR_4","MIT","north","heavy","LD-HR",4,"winterwheat",859.786920172005,111.417994581677,8.30660950232187,2774.4075737755,263.07269650958,0.361476448769319,-0.0371704695104746,8.30660950232187,0.787642803920897,119.242297297297,1738.95756996407,128.114066377262,64.5265834148053,192.640649792067,246.32,72,186.21,182,686.53,500.32,1345.142857,1978.57345,201.72,0,58.21546985,3583.651777,65.2277279999998
"MIT_n_h_LD-HR_5","MIT","north","heavy","LD-HR",5,"winterbarley",623.62,-33.555078846637,6.6839,2219.0548,-127.697057316924,0.450642318522282,0.0243176538852088,0,-7.02620316561953,0,1362.6,132,68,200,212.62,73.8,94.56,158,538.98,444.42,1161.714286,1663.150282,187.78,0,54.46346985,3067.108037,-451.316012
"MIT_n_h_LD-HR_6","MIT","north","heavy","LD-HR",6,"springbeans",379.88,-118.82,4.43,1519.49,-135.41,0.658115551928608,0.0538494331298887,0,0,0,1042.55,201,103,304,52.58,115.9,109.18,81,358.66,249.48,0,427.2379807,134.7875,0,46.42346985,608.4489506,-2313.3415204
"MIT_n_m_LD-HR_1","MIT","north","medium","LD-HR",1,"winterwheat",812.52,-30.91,7.94,2651.96,0,0.377079593960693,0,7.94,0,0,1672.05,115,58,173,246.32,72,186.21,182,686.53,500.32,1345.142857,982.23697,201.72,0,54.95988903,2584.059716,63.87219
"MIT_n_m_LD-HR_2","MIT","north","medium","LD-HR",2,"winterbarley",522.23,-88.2422929865312,5.9719,1982.6708,-271.211518219464,0.504370165738054,0.0602795667551838,0,-6.74815065335169,0,1241.21,119,61,180,212.62,73.8,94.56,158,538.98,444.42,1161.714286,829.348723,187.78,0,51.20788903,2230.050898,-322.017863
"MIT_n_m_LD-HR_3","MIT","north","medium","LD-HR",3,"springbeans",184.74,-173.81,3.24,1111.32,-301.52,0.899830831803621,0.192036601742184,0,0,0,822.4,184,95,279,52.58,115.9,109.18,81,358.66,249.48,0,160.5621573,134.7875,0,43.16788903,338.5175463,-1739.7979797
"MIT_n_m_LD-HR_4","MIT","north","medium","LD-HR",4,"winterwheat",736.926645032622,83.5858358352012,7.52275622093557,2512.60057779248,211.542114666249,0.398780194366556,-0.0362538829831207,7.52275622093557,0.633359624749248,76.1466216216216,1595.90346292241,114.583392997333,57.8611309991108,172.444523996443,246.32,72,186.21,182,686.53,500.32,1345.142857,982.23697,201.72,0,54.95988903,2584.059716,63.87219
"MIT_n_m_LD-HR_5","MIT","north","medium","LD-HR",5,"winterbarley",522.23,-22.89122732446,5.9719,1982.6708,-151.748084836407,0.504370165738054,0.0357236000953439,0,-6.39047570310301,0,1241.21,119,61,180,212.62,73.8,94.56,158,538.98,444.42,1161.714286,829.348723,187.78,0,51.20788903,2230.050898,-322.017863
"MIT_n_m_LD-HR_6","MIT","north","medium","LD-HR",6,"springbeans",184.74,-173.81,3.24,1111.32,-301.52,0.899830831803621,0.192036601742184,0,0,0,822.4,184,95,279,52.58,115.9,109.18,81,358.66,249.48,0,160.5621573,134.7875,0,43.16788903,338.5175463,-1739.7979797
"MIT_n_l_LD-HR_1","MIT","north","light","LD-HR",1,"winterwheat",624.07,-54.3099999999999,6.48,2164.32,-106.88,0.462038885192578,0.0217430063620037,6.48,-0.32,0,1405.6,100,51,151,190.32,72,186.21,182,630.53,444.32,1345.142857,1351.413824,201.72,0,51.44986658,2949.726547,460.194209
"MIT_n_l_LD-HR_2","MIT","north","light","LD-HR",2,"winterbarley",420.32,-65.7792281535872,5.251,1743.332,-189.963371979982,0.573614205441075,0.0558967141571524,0,-5.78830949694606,0,1118.3,105,54,159,212.62,73.8,94.56,158,538.98,444.42,1161.714286,1136.910397,187.78,0,47.69786658,2534.102549,25.9802200000004
"MIT_n_l_LD-HR_3","MIT","north","light","LD-HR",3,"driedpeas",449.79,233.39,4.36,1508.56,337.78,0.662883809725831,-0.191247624019194,0,0,0,1204,187,96,283,43.6,141,131.61,155,471.21,339.6,0,253.8256254,123.00615,0,39.65786658,416.489642,-1959.714171
"MIT_n_l_LD-HR_4","MIT","north","light","LD-HR",4,"winterwheat",578.311537036232,52.2029875161264,6.22822588742231,2080.22744639905,92.5284267933399,0.481338081093457,-0.0223058156539204,6.22822588742231,0.277031217944131,45.9495945945946,1359.65074748068,99.9046052222251,50.9046052222252,150.80921044445,190.32,72,186.21,182,630.53,444.32,1345.142857,1351.413824,201.72,0,51.44986658,2949.726547,460.194209
"MIT_n_l_LD-HR_5","MIT","north","light","LD-HR",5,"winterbarley",420.32,-11.6460313923076,5.251,1743.332,-90.9611018772042,0.573614205441075,0.02829342739784,0,-5.49189551460241,0,1118.3,105,54,159,212.62,73.8,94.56,158,538.98,444.42,1161.714286,1136.910397,187.78,0,47.69786658,2534.102549,25.9802200000004
"MIT_n_l_LD-HR_6","MIT","north","light","LD-HR",6,"driedpeas",449.79,233.39,4.36,1508.56,337.78,0.662883809725831,-0.191247624019194,0,0,0,1204,187,96,283,43.6,141,131.61,155,471.21,339.6,0,253.8256254,123.00615,0,39.65786658,416.489642,-1959.714171
"MIT_c_h_LD-HR_1","MIT","central","heavy","LD-HR",1,"winterwheat",1066.88,58.3000000000001,8.96,2992.64,0,0.334153122326775,0,8.96,0,0,1858.2,148,76,224,246.32,72,67,182,567.32,500.32,1345.142857,1978.57345,117.998,0,122.9062432,3564.62055,46.1965009999999
"MIT_c_h_LD-HR_2","MIT","central","heavy","LD-HR",2,"springbarley",586.77,-155.323383513178,4.9573,1645.8236,-856.618967726067,0.607598530000421,0.207497234284766,0,-7.49234301714391,0,1162.41,124,63,187,134.4,76,27.24,151,388.64,361.4,672.5714286,1018.343331,126.28,0,89.15782566,1906.352585,-1612.071464
"MIT_c_h_LD-HR_3","MIT","central","heavy","LD-HR",3,"wosr",529.74,31.04,3.36,1659.84,4.93999999999983,0.602467707730866,-0.00179841106785328,0,0,0,1348.6,169,87,256,197.22,23.49,150.15,192,562.86,412.71,1100.571429,1568.200246,142.27,0,26.24669493,2837.288369,-84.5021019999999
"MIT_c_h_LD-HR_4","MIT","central","heavy","LD-HR",4,"winterwheat",912.12356833758,163.644343633356,7.98062873656451,2665.52999801255,153.991590878526,0.376047034654937,-0.022566768920717,7.98062873656451,0.461052667300975,178.733243243243,1679.46638514254,132.681184555504,67.3416322494561,200.02281680496,246.32,72,67,182,567.32,500.32,1345.142857,1978.57345,117.998,0,61.96746985,3503.681777,-14.7422720000004
"MIT_c_h_LD-HR_5","MIT","central","heavy","LD-HR",5,"springbarley",586.77,-70.8672243722863,4.9573,1645.8236,-701.784533711822,0.60759853000042,0.181430481546239,0,-7.02876686740067,0,1162.41,124,63,187,134.4,76,27.24,151,388.64,361.4,672.5714286,1018.343331,126.28,0,89.15782566,1906.352585,-1612.071464
"MIT_c_h_LD-HR_6","MIT","central","heavy","LD-HR",6,"wosr",529.74,31.04,3.36,1659.84,4.93999999999986,0.602467707730866,-0.00179841106785329,0,0,0,1348.6,169,87,256,197.22,23.49,150.15,192,562.86,412.71,1100.571429,1568.200246,142.27,0,26.24669493,2837.288369,-84.5021019999999
"MIT_c_m_LD-HR_1","MIT","central","medium","LD-HR",1,"winterwheat",907.73,64.3000000000001,7.94,2651.96,0,0.377079593960693,0,7.94,0,0,1672.05,130,67,197,246.32,72,67,182,567.32,500.32,1345.142857,982.23697,117.998,0,104.6251261,2550.002953,29.815427
"MIT_c_m_LD-HR_2","MIT","central","medium","LD-HR",2,"springbarley",551.17,-59.3022929865313,4.6903,1557.1796,-696.702718219464,0.642186681613348,0.198096082630478,0,-6.74815065335169,0,1111.81,114,58,172,134.4,76,27.24,151,388.64,361.4,672.5714286,498.9477029,126.28,0,82.05490547,1379.854037,-1172.214724
"MIT_c_m_LD-HR_3","MIT","central","medium","LD-HR",3,"wosr",366.24,7.69,2.86,1412.84,2.45809378857548e-14,0.707794230061437,-1.20024110770287e-17,0,0,0,1181.1,166,86,252,197.22,23.49,150.15,192,562.86,412.71,1100.571429,782.4020867,142.27,0,26.08094438,2051.32446,-26.991066
"MIT_c_m_LD-HR_4","MIT","central","medium","LD-HR",4,"winterwheat",805.579327631222,152.238518433801,7.28753685081824,2434.03730817329,132.978845047061,0.411555590647035,-0.0234784867026418,7.28753685081824,0.398140254631918,119.074324324324,1552.97589155292,119.309150066107,60.7697166887024,180.078866754809,246.32,72,67,182,567.32,500.32,1345.142857,982.23697,117.998,0,58.71188903,2504.089716,-16.0978100000002
"MIT_c_m_LD-HR_5","MIT","central","medium","LD-HR",5,"springbarley",551.17,6.04877267553989,4.6903,1557.1796,-577.239284836407,0.642186681613348,0.173540115970638,0,-6.39047570310301,0,1111.81,114,58,172,134.4,76,27.24,151,388.64,361.4,672.5714286,498.9477029,126.28,0,82.05490547,1379.854037,-1172.214724
"MIT_c_m_LD-HR_6","MIT","central","medium","LD-HR",6,"wosr",366.24,7.68999999999999,2.86,1412.84,-1.84357034143161e-14,0.707794230061437,9.00180830777154e-18,0,0,0,1181.1,166,86,252,197.22,23.49,150.15,192,562.86,412.71,1100.571429,782.4020867,142.27,0,26.08094438,2051.32446,-26.991066
"MIT_c_l_LD-HR_1","MIT","central","light","LD-HR",1,"winterwheat",726.28,47.9,6.48,2164.32,-106.88,0.462038885192578,0.0217430063620037,6.48,-0.32,0,1405.6,111,57,168,190.32,72,67,182,511.32,444.32,1345.142857,1351.413824,117.998,0,86.08956742,2900.644248,411.11191
"MIT_c_l_LD-HR_2","MIT","central","light","LD-HR",2,"springbarley",516.26,30.1607718464128,4.4322,1471.4904,-461.804971979983,0.679583094799667,0.161865603515745,0,-5.78830949694606,0,1062.9,105,53,158,134.4,76,27.24,151,388.64,361.4,672.5714286,687.6252516,126.28,0,74.95198528,1561.428665,-946.693664
"MIT_c_l_LD-HR_3","MIT","central","light","LD-HR",3,"wosr",204.09,-12.31,2.37,1170.78,6.1452344714387e-15,0.854131433745025,-1.50030138462859e-18,0,0,0,1016.95,165,85,250,197.22,23.49,150.15,192,562.86,412.71,1100.571429,1071.785771,142.27,0,25.91519382,2340.542394,-35.661419
"MIT_c_l_LD-HR_4","MIT","central","light","LD-HR",4,"winterwheat",638.931636963827,112.823087443721,5.94953380232699,1987.14428997721,-0.554729628497589,0.504103578139108,0.00045968139172995,5.94953380232699,-0.00166086715119043,96.8112162162162,1308.78876750812,104.769716688702,53.7697166887024,158.539433377405,190.32,72,67,182,511.32,444.32,1345.142857,1351.413824,117.998,0,55.20186658,2869.756547,380.224209
"MIT_c_l_LD-HR_5","MIT","central","light","LD-HR",5,"springbarley",516.26,84.2939686076924,4.4322,1471.4904,-362.802701877204,0.679583094799667,0.134262316756432,0,-5.49189551460241,0,1062.9,105,53,158,134.4,76,27.24,151,388.64,361.4,672.5714286,687.6252516,126.28,0,74.95198528,1561.428665,-946.693664
"MIT_c_l_LD-HR_6","MIT","central","light","LD-HR",6,"wosr",204.09,-12.31,2.37,1170.78,9.21785170715806e-15,0.854131433745025,-7.50150692314295e-18,0,0,0,1016.95,165,85,250,197.22,23.49,150.15,192,562.86,412.71,1100.571429,1071.785771,142.27,0,25.91519382,2340.542394,-35.661419
"MIT_e_h_LD-HR_1","MIT","east","heavy","LD-HR",1,"winterwheat",1032.5,23.92,9.01,3009.34,16.6999999999998,0.332298776475905,-0.00185434585086997,9.01,0.0499999999999989,0,1867.33,129,65,194,262.32,72,124.51,182,640.83,516.32,1467.428571,2217.628238,269.288,0,59.23323642,4013.578046,495.153997
"MIT_e_h_LD-HR_2","MIT","east","heavy","LD-HR",2,"springbeans",297.22,-508.226716486231,4.43,1519.49,-1100.33899894322,0.658115551928608,0.276314237045307,0,-7.84379939803358,0,1042.55,241,125,366,52.58,115.9,129.85,81,379.33,249.48,0,427.2379807,191.39415,0,109.6394823,728.271613,-2790.152436
"MIT_e_h_LD-HR_3","MIT","east","heavy","LD-HR",3,"winterwheat",1025.42230843332,526.722308433316,8.970691191935,2996.21085810629,1341.31085810629,0.333761785863149,-0.27050433293557,8.970691191935,8.970691191935,7.17445945945946,1860.15597499775,128.944502962268,64.9591636021635,193.903666564432,262.32,72,124.51,182,640.83,516.32,1467.428571,2217.628238,269.288,0,59.23323642,4013.578046,1091.787575
"MIT_e_h_LD-HR_4","MIT","east","heavy","LD-HR",4,"winterbarley",512.77,-389.712097381307,6.7106,2227.9192,-568.171368085952,0.448849311949913,0.0910037463845188,0,-8.37152864696393,0,1367.16,142,73,215,220.62,77.76,183.01,158,639.39,456.38,1222.857143,1762.989353,295.938,0,60.30523642,3342.089732,-176.334317
"MIT_e_h_LD-HR_5","MIT","east","heavy","LD-HR",5,"wosr",633.44,-108.152536754998,3.36,1659.84,-843.545785634457,0.602467707730866,0.202995689597271,0,-7.49516702285766,0,1348.6,160,82,242,197.22,23.49,60.45,192,473.16,412.71,1100.571429,1568.200246,127.92,0,18.74269493,2815.434369,-702.98968
"MIT_e_h_LD-HR_6","MIT","east","heavy","LD-HR",6,"winterwheat",959.616592938227,460.916592938227,8.7276451840088,2915.03349145894,1260.13349145894,0.343194259665539,-0.26107185913318,8.7276451840088,8.7276451840088,51.5313513513514,1815.79931032445,142.60811375522,72.744603631003,215.352717386223,262.32,72,124.51,182,640.83,516.32,1467.428571,2217.628238,269.288,0,104.4057151,4058.750525,1136.960054
"MIT_e_m_LD-HR_1","MIT","east","medium","LD-HR",1,"winterwheat",865.52,22.09,7.98,2665.32,13.3600000000001,0.375189470682695,-0.00189012327799848,7.98,0.04,0,1679.35,115,58,173,262.32,72,124.51,182,640.83,516.32,1467.428571,1095.510209,269.288,0,55.59890104,2887.825681,367.638155
"MIT_e_m_LD-HR_2","MIT","east","medium","LD-HR",2,"springbeans",113.07,-497.402292986531,3.24,1111.32,-1142.56231821946,0.899830831803621,0.455740232820751,0,-6.74815065335169,0,822.4,217,113,330,52.58,115.9,129.85,81,379.33,249.48,0,160.5621573,191.39415,0,94.5974679,446.5537752,-2105.5149858
"MIT_e_m_LD-HR_3","MIT","east","medium","LD-HR",3,"winterwheat",839.697475990696,481.147475990696,7.83771499969771,2617.79680989904,1204.95680989904,0.382123584125067,-0.32567064593637,7.83771499969771,7.83771499969771,25.9674324324324,1653.38280705963,114.891768879502,57.9639229598341,172.855691839337,262.32,72,124.51,182,640.83,516.32,1467.428571,1095.510209,269.288,0,55.59890104,2887.825681,809.510155
"MIT_e_m_LD-HR_4","MIT","east","medium","LD-HR",4,"winterbarley",409.85,-243.490809197421,5.9897,1988.5804,-312.478063126232,0.502871294517436,0.0678372171677586,0,-6.88939659618632,0,1244.24,129,66,195,220.62,77.76,183.01,158,639.39,456.38,1222.857143,878.2215114,295.938,0,56.67090104,2453.687555,-66.4999710000002
"MIT_e_m_LD-HR_5","MIT","east","medium","LD-HR",5,"wosr",469.94,-75.1812273244601,2.86,1412.84,-721.578884836407,0.707794230061437,0.239147664418727,0,-6.39047570310301,0,1181.1,157,81,238,197.22,23.49,60.45,192,473.16,412.71,1100.571429,782.4020867,127.92,0,18.57694438,2029.47046,-522.598301
"MIT_e_m_LD-HR_6","MIT","east","medium","LD-HR",6,"winterwheat",718.586566662519,360.036566662519,7.25683335489312,2423.7823405343,1010.9423405343,0.413646814199053,-0.294147415862384,7.25683335489312,7.25683335489312,131.979324324324,1547.37078329871,124.217618431068,63.7392061436893,187.956824574757,262.32,72,124.51,182,640.83,516.32,1467.428571,1095.510209,269.288,0,87.48013592,2919.706916,841.39139
"MIT_e_l_LD-HR_1","MIT","east","light","LD-HR",1,"winterwheat",701.45,23.0700000000001,6.67,2227.78,-43.4199999999998,0.448877357728321,0.0085814788977473,6.67,-0.13,0,1440.28,102,52,154,206.32,72,124.51,182,584.83,460.32,1467.428571,1512.434556,269.288,0,51.96456567,3301.115693,811.583355
"MIT_e_l_LD-HR_2","MIT","east","light","LD-HR",2,"driedpeas",395.19,-90.9092281535872,4.36,1508.56,-424.735371979982,0.662883809725831,0.145166318441909,0,-5.78830949694606,0,1204,208,107,315,43.6,141,154.21,155,493.81,339.6,0,253.8256254,171.71415,0,75.80345353,501.3432289,-2006.7791001
"MIT_e_l_LD-HR_3","MIT","east","light","LD-HR",3,"winterwheat",681.668287886532,465.268287886531,6.55914274890972,2190.75367813585,1019.97367813585,0.456636941925807,-0.397494491819218,6.55914274890972,6.55914274890972,20.2324324324324,1420.04785977532,101.687952029039,51.8616198597529,153.549571888792,206.32,72,124.51,182,584.83,460.32,1467.428571,1512.434556,269.288,0,51.96456567,3301.115693,924.91188
"MIT_e_l_LD-HR_4","MIT","east","light","LD-HR",4,"winterbarley",309.46,-216.648549520106,5.2777,1752.1964,-235.502619605712,0.570712278600732,0.0670683818533543,0,-5.95119466947818,0,1122.85,115,59,174,220.62,77.76,183.01,158,639.39,456.38,1222.857143,1205.093163,295.938,0,53.03656567,2776.924871,287.392533
"MIT_e_l_LD-HR_5","MIT","east","light","LD-HR",5,"wosr",307.79,-124.176031392308,2.37,1170.78,-663.513101877204,0.854131433745025,0.30881065570179,0,-5.49189551460241,0,1016.95,156,80,236,197.22,23.49,60.45,192,473.16,412.71,1100.571429,1071.785771,127.92,0,18.41119382,2318.688394,-189.433935
"MIT_e_l_LD-HR_6","MIT","east","light","LD-HR",6,"winterwheat",578.939538383913,362.539538383913,6.03667559692728,2016.24964937371,845.469649373712,0.497289282533631,-0.356842151211394,6.03667559692728,6.03667559692728,115.58472972973,1324.69530394457,106.52426449218,54.4015010684782,160.925765560658,206.32,72,124.51,182,584.83,460.32,1467.428571,1512.434556,269.288,0,70.55455671,3319.705684,943.501871
"MIT_n_h_LD-LR_1","MIT","north","heavy","LD-LR",1,"winterwheat",1269.97,261.39,9.63,3216.42,223.78,0.310904670409959,-0.0232484519168161,9.63,0.67,0,1980.48,124,63,187,246.32,68.4,26.79,182,523.51,496.72,1345.142857,1978.57345,57.1704,0,38.69717523,3419.583882,-98.8401670000003
"MIT_n_h_LD-LR_2","MIT","north","heavy","LD-LR",2,"winterbarley",713.69,-94.0479482212634,6.6839,2219.0548,-405.031053153025,0.450642318522282,0.069432655705733,0,-7.85654447051804,0,1362.6,128,65,193,212.62,70.2,15.09,158,455.91,440.82,1161.714286,1663.150282,52.48,0,34.94517523,2912.289743,-606.134306
"MIT_n_h_LD-LR_3","MIT","north","heavy","LD-LR",3,"wosr",583.89,85.19,3.36,1659.84,4.93999999999985,0.602467707730866,-0.00179841106785329,0,0,0,1348.6,206,107,313,197.22,23.49,39,192,451.71,412.71,1100.571429,1568.200246,28.7,0,52.17390348,2749.645578,-172.144893
"MIT_n_h_LD-LR_4","MIT","north","heavy","LD-LR",4,"winterwheat",1124.53120072276,211.308325496174,9.19207592312665,3070.1533583243,254.17203234635,0.326194865091399,-0.029228520793426,9.19207592312665,0.760994108821408,79.9218918918919,1900.558292408,123.327588595307,62.8872874768147,186.214876072121,246.32,68.4,93.09,182,589.81,496.72,1345.142857,1978.57345,57.1704,0,38.69717523,3419.583882,-98.8401670000003
"MIT_n_h_LD-LR_5","MIT","north","heavy","LD-LR",5,"springbeans",396.49,-347.764409258334,4.43,1519.49,-988.845531152578,0.658115551928608,0.259417534066093,0,-7.5099866202173,0,1042.55,201,103,304,52.58,115.9,92.58,81,342.06,249.48,0,427.2379807,132.2988,0,46.42346985,605.9602506,-2912.4637984
"MIT_n_h_LD-LR_6","MIT","north","heavy","LD-LR",6,"winterwheat",1260.0755105264,761.375510526403,9.57528259000169,3198.14438506056,1543.24438506056,0.312695093088847,-0.291571025709872,9.57528259000169,9.57528259000169,9.98608108108108,1970.49402332409,123.91838304164,62.9901297560459,186.908512797686,246.32,68.4,26.79,182,523.51,496.72,1345.142857,1978.57345,57.1704,0,38.69717523,3419.583882,497.793411
"MIT_n_m_LD-LR_1","MIT","north","medium","LD-LR",1,"winterwheat",1091.04,247.61,8.54,2852.36,200.4,0.350586882441207,-0.0264927115194866,8.54,0.599999999999999,0,1781.55,111,56,167,246.32,68.4,26.79,182,523.51,496.72,1345.142857,982.23697,57.1704,0,37.17588682,2421.726114,-98.4614120000001
"MIT_n_m_LD-LR_2","MIT","north","medium","LD-LR",2,"winterbarley",612.3,-46.1068915454858,5.9719,1982.6708,-359.684065158629,0.504370165738054,0.0773612713965847,0,-7.01303851843901,0,1241.21,115,58,173,212.62,70.2,15.09,158,455.91,440.82,1161.714286,829.348723,52.48,0,33.42388682,2076.966896,-475.101865
"MIT_n_m_LD-LR_3","MIT","north","medium","LD-LR",3,"wosr",440.39,81.84,2.86,1412.84,1.22904689428774e-14,0.707794230061437,-6.00120553851436e-18,0,0,0,1181.1,190,99,289,197.22,23.49,39,192,451.71,412.71,1100.571429,782.4020867,28.7,0,42.50051689,1954.174032,-124.141494
"MIT_n_m_LD-LR_4","MIT","north","medium","LD-LR",4,"winterwheat",977.126958622087,190.442219520053,8.27623803339692,2764.26350315457,216.792903674367,0.362076438402572,-0.0306659653168439,8.27623803339692,0.649080549923254,48.1362162162162,1733.41379513373,110.546936192079,55.9291922419828,166.476128434062,246.32,68.4,93.09,182,589.81,496.72,1345.142857,982.23697,57.1704,0,37.17588682,2421.726114,-98.4614120000001
"MIT_n_m_LD-LR_5","MIT","north","medium","LD-LR",5,"springbeans",201.34,-399.346339192194,3.24,1111.32,-1125.57753713598,0.899830831803621,0.452770621116162,0,-6.69729801537719,0,822.4,184,95,279,52.58,115.9,92.58,81,342.06,249.48,0,160.5621573,132.2988,0,43.16788903,336.0288463,-2216.0399147
"MIT_n_m_LD-LR_6","MIT","north","medium","LD-LR",6,"winterwheat",1086.09523909913,727.545239099131,8.51262545342263,2843.21690144316,1430.37690144316,0.351719457517072,-0.356074772544364,8.51262545342263,8.51262545342263,4.99608108108108,1776.55417169737,110.954169250934,55.9947104518247,166.948879702759,246.32,68.4,26.79,182,523.51,496.72,1345.142857,982.23697,57.1704,0,37.17588682,2421.726114,343.410588
"MIT_n_l_LD-LR_1","MIT","north","light","LD-LR",1,"winterwheat",880.52,202.14,6.97,2327.98,56.78,0.429556954956658,-0.0107389238739165,6.97,0.169999999999999,0,1495.03,97,50,147,190.32,68.4,26.79,182,467.51,440.72,1345.142857,1351.413824,57.1704,0,35.40015677,2789.127238,299.5949
"MIT_n_l_LD-LR_2","MIT","north","light","LD-LR",2,"winterbarley",510.39,-15.3668733926128,5.251,1743.332,-264.082387968618,0.573614205441075,0.0753640511749086,0,-6.01022271846892,0,1118.3,101,51,152,212.62,70.2,15.09,158,455.91,440.82,1161.714286,1136.910397,52.48,0,31.64815677,2382.752839,-125.36949
"MIT_n_l_LD-LR_3","MIT","north","light","LD-LR",3,"wosr",298.24,81.84,2.37,1170.78,0,0.854131433745025,-6.00120553851436e-18,0,0,0,1016.95,176,91,267,197.22,23.49,39,192,451.71,412.71,1100.571429,1071.785771,28.7,0,32.8271303,2233.88433,-142.319483
"MIT_n_l_LD-LR_4","MIT","north","light","LD-LR",4,"winterwheat",779.189837222901,142.268890521833,6.77404417862364,2262.5307556603,68.8882660083932,0.442311746399718,-0.0137377082337249,6.77404417862364,0.206252293438303,35.7637837837838,1459.26646264957,96.4899678012132,49.7766576254525,146.266625426666,190.32,68.4,93.09,182,533.81,440.72,1345.142857,1351.413824,57.1704,0,35.40015677,2789.127238,299.5949
"MIT_n_l_LD-LR_5","MIT","north","light","LD-LR",5,"driedpeas",488.82,12.5288333022884,4.36,1508.56,-408.889622618426,0.662883809725831,0.141345890285411,0,-5.7408671335881,0,1204,187,96,283,43.6,141,92.58,155,432.18,339.6,0,253.8256254,136.7268,0,39.65786658,430.210292,-2077.912037
"MIT_n_l_LD-LR_6","MIT","north","light","LD-LR",6,"winterwheat",876.472851579099,660.072851579099,6.94729548858249,2320.39669318655,1149.61669318655,0.430969544712546,-0.423161889032479,6.94729548858249,6.94729548858249,4.14391891891892,1490.88617875741,96.9338790377281,49.9696960494775,146.903575087206,190.32,68.4,26.79,182,467.51,440.72,1345.142857,1351.413824,57.1704,0,35.40015677,2789.127238,412.923425
"MIT_c_h_LD-LR_1","MIT","central","heavy","LD-LR",1,"winterwheat",1269.97,261.39,9.63,3216.42,223.78,0.310904670409959,-0.0232484519168161,9.63,0.67,0,1980.48,124,63,187,246.32,68.4,26.79,182,523.51,496.72,1345.142857,1978.57345,57.1704,0,38.69717523,3419.583882,-98.8401670000003
"MIT_c_h_LD-LR_2","MIT","central","heavy","LD-LR",2,"winterbarley",713.69,-94.1914665882949,6.6839,2219.0548,-405.297537817613,0.450642318522282,0.069470925726675,0,-7.85734232879525,0,1362.6,128,65,193,212.62,70.2,15.09,158,455.91,440.82,1161.714286,1663.150282,52.48,0,34.94517523,2912.289743,-606.134306
"MIT_c_h_LD-LR_3","MIT","central","heavy","LD-LR",3,"wosr",583.89,85.19,3.36,1659.84,4.93999999999985,0.602467707730866,-0.00179841106785329,0,0,0,1348.6,206,107,313,197.22,23.49,39,192,451.71,412.71,1100.571429,1568.200246,28.7,0,52.17390348,2749.645578,-172.144893
"MIT_c_h_LD-LR_4","MIT","central","heavy","LD-LR",4,"winterwheat",1124.53120072276,211.192918350566,9.19207592312665,3070.1533583243,253.958469891974,0.326194865091399,-0.0292011135310286,9.19207592312665,0.760354700275372,79.9218918918919,1900.558292408,123.327588595307,62.8872874768147,186.214876072121,246.32,68.4,93.09,182,589.81,496.72,1345.142857,1978.57345,57.1704,0,38.69717523,3419.583882,-98.8401670000003
"MIT_c_h_LD-LR_5","MIT","central","heavy","LD-LR",5,"springbeans",396.49,-347.905657791564,4.43,1519.49,-989.108020202386,0.658115551928608,0.259459465125665,0,-7.51077251557601,0,1042.55,201,103,304,52.58,115.9,92.58,81,342.06,249.48,0,427.2379807,132.2988,0,46.42346985,605.9602506,-2912.4637984
"MIT_c_h_LD-LR_6","MIT","central","heavy","LD-LR",6,"winterwheat",1260.0755105264,761.375510526403,9.57528259000169,3198.14438506056,1543.24438506056,0.312695093088847,-0.291571025709872,9.57528259000169,9.57528259000169,9.98608108108108,1970.49402332409,123.91838304164,62.9901297560459,186.908512797686,246.32,68.4,26.79,182,523.51,496.72,1345.142857,1978.57345,57.1704,0,38.69717523,3419.583882,497.793411
"MIT_c_m_LD-LR_1","MIT","central","medium","LD-LR",1,"winterwheat",1091.04,247.61,8.54,2852.36,200.4,0.350586882441207,-0.0264927115194866,8.54,0.599999999999999,0,1781.55,111,56,167,246.32,68.4,26.79,182,523.51,496.72,1345.142857,982.23697,57.1704,0,37.17588682,2421.726114,-98.4614120000001
"MIT_c_m_LD-LR_2","MIT","central","medium","LD-LR",2,"winterbarley",612.3,-46.1068915454858,5.9719,1982.6708,-359.684065158629,0.504370165738054,0.0773612713965847,0,-7.01303851843901,0,1241.21,115,58,173,212.62,70.2,15.09,158,455.91,440.82,1161.714286,829.348723,52.48,0,33.42388682,2076.966896,-475.101865
"MIT_c_m_LD-LR_3","MIT","central","medium","LD-LR",3,"wosr",440.39,81.84,2.86,1412.84,1.22904689428774e-14,0.707794230061437,-6.00120553851436e-18,0,0,0,1181.1,190,99,289,197.22,23.49,39,192,451.71,412.71,1100.571429,782.4020867,28.7,0,42.50051689,1954.174032,-124.141494
"MIT_c_m_LD-LR_4","MIT","central","medium","LD-LR",4,"winterwheat",977.126958622087,190.442219520053,8.27623803339692,2764.26350315457,216.792903674367,0.362076438402572,-0.0306659653168439,8.27623803339692,0.649080549923254,48.1362162162162,1733.41379513373,110.546936192079,55.9291922419828,166.476128434062,246.32,68.4,93.09,182,589.81,496.72,1345.142857,982.23697,57.1704,0,37.17588682,2421.726114,-98.4614120000001
"MIT_c_m_LD-LR_5","MIT","central","medium","LD-LR",5,"springbeans",201.34,-399.346339192194,3.24,1111.32,-1125.57753713598,0.899830831803621,0.452770621116162,0,-6.69729801537719,0,822.4,184,95,279,52.58,115.9,92.58,81,342.06,249.48,0,160.5621573,132.2988,0,43.16788903,336.0288463,-2216.0399147
"MIT_c_m_LD-LR_6","MIT","central","medium","LD-LR",6,"winterwheat",1086.09523909913,727.545239099131,8.51262545342263,2843.21690144316,1430.37690144316,0.351719457517072,-0.356074772544364,8.51262545342263,8.51262545342263,4.99608108108108,1776.55417169737,110.954169250934,55.9947104518247,166.948879702759,246.32,68.4,26.79,182,523.51,496.72,1345.142857,982.23697,57.1704,0,37.17588682,2421.726114,343.410588
"MIT_c_l_LD-LR_1","MIT","central","light","LD-LR",1,"winterwheat",880.52,202.14,6.97,2327.98,56.78,0.429556954956658,-0.0107389238739165,6.97,0.169999999999999,0,1495.03,97,50,147,190.32,68.4,26.79,182,467.51,440.72,1345.142857,1351.413824,57.1704,0,35.40015677,2789.127238,299.5949
"MIT_c_l_LD-LR_2","MIT","central","light","LD-LR",2,"winterbarley",510.39,-15.3668733926128,5.251,1743.332,-264.082387968618,0.573614205441075,0.0753640511749086,0,-6.01022271846892,0,1118.3,101,51,152,212.62,70.2,15.09,158,455.91,440.82,1161.714286,1136.910397,52.48,0,31.64815677,2382.752839,-125.36949
"MIT_c_l_LD-LR_3","MIT","central","light","LD-LR",3,"wosr",298.24,81.84,2.37,1170.78,-6.1452344714387e-15,0.854131433745025,-1.50030138462859e-18,0,0,0,1016.95,176,91,267,197.22,23.49,39,192,451.71,412.71,1100.571429,1071.785771,28.7,0,32.8271303,2233.88433,-142.319483
"MIT_c_l_LD-LR_4","MIT","central","light","LD-LR",4,"winterwheat",779.22957926015,142.308632559081,6.77426619997559,2262.60491079185,68.9624211399433,0.442296965472491,-0.013752489160952,6.77426619997559,0.206474314790249,35.7227027027027,1459.30698307219,96.4905134429609,49.7768903690775,146.267403812038,190.32,68.4,93.09,182,533.81,440.72,1345.142857,1351.413824,57.1704,0,35.40015677,2789.127238,299.5949
"MIT_c_l_LD-LR_5","MIT","central","light","LD-LR",5,"driedpeas",488.82,12.5288333022884,4.36,1508.56,-408.889622618426,0.662883809725831,0.141345890285411,0,-5.7408671335881,0,1204,187,96,283,43.6,141,92.58,155,432.18,339.6,0,253.8256254,136.7268,0,39.65786658,430.210292,-2077.912037
"MIT_c_l_LD-LR_6","MIT","central","light","LD-LR",6,"winterwheat",876.473756284709,660.073756284709,6.94730056370012,2320.39838827584,1149.61838827584,0.430969229445636,-0.423162204299388,6.94730056370012,6.94730056370012,4.14297297297297,1490.88710502152,96.933893786756,49.9697028038062,146.903596590562,190.32,68.4,26.79,182,467.51,440.72,1345.142857,1351.413824,57.1704,0,35.40015677,2789.127238,412.923425
"MIT_e_h_LD-LR_1","MIT","east","heavy","LD-LR",1,"winterwheat",1072.66,64.08,8.96,2992.64,0,0.334153122326775,0,8.96,0,0,1858.2,118,60,178,246.32,72,107.22,182,607.54,500.32,1345.142857,1978.57345,130.9704,0,59.23323642,3513.919943,-4.50410600000032
"MIT_e_h_LD-LR_2","MIT","east","heavy","LD-LR",2,"wosr",637.89,-196.682252500067,3.36,1659.84,-1014.05050763921,0.602467707730866,0.228469611790992,0,-8.00566020251261,0,1348.6,196,102,298,197.22,23.49,0,192,412.71,412.71,1100.571429,1568.200246,0,0,44.66990348,2713.441578,-804.982471
"MIT_e_h_LD-LR_3","MIT","east","heavy","LD-LR",3,"winterwheat",1063.30842093159,564.608420931588,8.90806035881208,2975.29215984323,1320.39215984323,0.336111621671466,-0.268154497127253,8.90806035881208,8.90806035881208,9.47878378378378,1848.72123622865,117.92668601759,59.9461292794744,177.872815297064,246.32,72,107.22,182,607.54,500.32,1345.142857,1978.57345,130.9704,0,59.23323642,3513.919943,592.129472
"MIT_e_h_LD-LR_4","MIT","east","heavy","LD-LR",4,"winterwheat",826.665175868921,-163.925075761257,7.61201896306711,2542.41433366441,-416.858440002726,0.393327023267867,0.0553869620109027,7.61201896306711,-1.24807916168481,0.726216216216216,1612.19347474419,117.993353920887,59.9949449543807,177.988298875268,246.32,72,107.22,182,607.54,500.32,1345.142857,1978.57345,130.9704,0,59.23323642,3513.919943,-4.50410600000032
"MIT_e_h_LD-LR_5","MIT","east","heavy","LD-LR",5,"wosr",637.89,-123.589761518245,3.36,1659.84,-880.518192263722,0.602467707730866,0.208822189225244,0,-7.60586285108899,0,1348.6,196,102,298,197.22,23.49,0,192,412.71,412.71,1100.571429,1568.200246,0,0,44.66990348,2713.441578,-804.982471
"MIT_e_h_LD-LR_6","MIT","east","heavy","LD-LR",6,"winterwheat",1065.25458121777,566.554581217766,8.91886836420087,2978.90203364309,1324.00203364309,0.335701875967202,-0.268564242831517,8.91886836420087,8.91886836420087,7.50608108108108,1850.69365253289,117.941910109264,59.9571612058582,177.899071315122,246.32,72,107.22,182,607.54,500.32,1345.142857,1978.57345,130.9704,0,59.23323642,3513.919943,592.129472
"MIT_e_m_LD-LR_1","MIT","east","medium","LD-LR",1,"winterwheat",903.51,60.08,7.94,2651.96,0,0.377079593960693,0,7.94,0,0,1672.05,107,54,161,246.32,72,107.22,182,607.54,500.32,1345.142857,982.23697,130.9704,0,55.59890104,2513.949128,-6.23839799999996
"MIT_e_m_LD-LR_2","MIT","east","medium","LD-LR",2,"wosr",494.39,-164.016891545486,2.86,1412.84,-929.514865158629,0.707794230061437,0.280785335719967,0,-7.01303851843901,0,1181.1,180,94,274,197.22,23.49,0,192,412.71,412.71,1100.571429,782.4020867,0,0,34.99651689,1917.970032,-634.098729
"MIT_e_m_LD-LR_3","MIT","east","medium","LD-LR",3,"winterwheat",872.292655624985,513.742655624985,7.76798220731101,2594.50605724188,1181.66605724188,0.385576793465062,-0.322217436596375,7.76798220731101,7.76798220731101,31.3927027027027,1640.65722910513,106.867384164213,53.9557947214045,160.823178885618,246.32,72,107.22,182,607.54,500.32,1345.142857,982.23697,130.9704,0,55.59890104,2513.949128,435.633602
"MIT_e_m_LD-LR_4","MIT","east","medium","LD-LR",4,"winterwheat",681.901885233234,-104.7828538688,6.72559665219466,2246.34928183302,-301.121317647187,0.445174612495386,0.0524322087759698,6.72559665219466,-0.901560831279004,4.27081081081081,1450.41901168786,106.982844840971,53.9942816136569,160.977126454627,246.32,72,107.22,182,607.54,500.32,1345.142857,982.23697,130.9704,0,55.59890104,2513.949128,-6.23839799999996
"MIT_e_m_LD-LR_5","MIT","east","medium","LD-LR",5,"wosr",494.39,-106.296339192194,2.86,1412.84,-824.057537135981,0.707794230061437,0.260734019373978,0,-6.69729801537719,0,1181.1,180,94,274,197.22,23.49,0,192,412.71,412.71,1100.571429,782.4020867,0,0,34.99651689,1917.970032,-634.098729
"MIT_e_m_LD-LR_6","MIT","east","medium","LD-LR",6,"winterwheat",872.484636037189,513.934636037189,7.76902792666151,2594.85532750494,1182.01532750494,0.385554337361048,-0.322239892700388,7.76902792666151,7.76902792666151,31.2013513513514,1640.84805778354,106.86654091032,53.9555136367733,160.822054547093,246.32,72,107.22,182,607.54,500.32,1345.142857,982.23697,130.9704,0,55.59890104,2513.949128,435.633602
"MIT_e_l_LD-LR_1","MIT","east","light","LD-LR",1,"winterwheat",711.06,32.6799999999999,6.48,2164.32,-106.88,0.462038885192578,0.0217430063620037,6.48,-0.32,0,1405.6,95,48,143,190.32,72,107.22,182,551.54,444.32,1345.142857,1351.413824,130.9704,0,51.96456567,2879.491646,389.959308
"MIT_e_l_LD-LR_2","MIT","east","light","LD-LR",2,"wosr",352.24,-173.516873392613,2.37,1170.78,-836.634387968618,0.854131433745025,0.355881279478858,0,-6.01022271846892,0,1016.95,166,86,252,197.22,23.49,0,192,412.71,412.71,1100.571429,1071.785771,0,0,25.3231303,2197.68033,-310.441999
"MIT_e_l_LD-LR_3","MIT","east","light","LD-LR",3,"winterwheat",685.620226950211,469.220226950211,6.34012075298309,2117.60033149635,946.820331496351,0.472411340348133,-0.381720093396892,6.34012075298309,6.34012075298309,25.527972972973,1380.07181639302,94.9557947214045,47.9557947214045,142.911589442809,190.32,72,107.22,182,551.54,444.32,1345.142857,1351.413824,130.9704,0,51.96456567,2879.491646,503.287833
"MIT_e_l_LD-LR_4","MIT","east","light","LD-LR",4,"winterwheat",530.207966329527,-106.712980371541,5.48896740274405,1833.31511251651,-360.32737713539,0.545469536562436,0.0894200819289934,5.48896740274405,-1.07882448244129,3.47283783783784,1224.73652955684,94.9942816136569,47.9942816136569,142.988563227314,190.32,72,107.22,182,551.54,444.32,1345.142857,1351.413824,130.9704,0,51.96456567,2879.491646,389.959308
"MIT_e_l_LD-LR_5","MIT","east","light","LD-LR",5,"wosr",352.24,-124.051166697712,2.37,1170.78,-746.669622618426,0.854131433745025,0.332593514304604,0,-5.7408671335881,0,1016.95,166,86,252,197.22,23.49,0,192,412.71,412.71,1100.571429,1071.785771,0,0,25.3231303,2197.68033,-310.441999
"MIT_e_l_LD-LR_6","MIT","east","light","LD-LR",6,"winterwheat",685.776128702617,469.376128702617,6.34097193648208,2117.88462678501,947.104626785015,0.47238371753692,-0.381747716208105,6.34097193648208,6.34097193648208,25.3732432432432,1380.22715597616,94.9555136367733,47.9555136367733,142.911027273547,190.32,72,107.22,182,551.54,444.32,1345.142857,1351.413824,130.9704,0,51.96456567,2879.491646,503.287833
